product_id,category,brand,base_price,launch_date,is_premium
1,Grocery,Brand_58,14.19,2021-08-02,0
2,Fashion,Brand_1,25.8,2021-09-14,0
3,Electronics,Brand_70,165.46,2021-01-18,1
4,Fashion,Brand_56,75.45,2023-03-03,1
5,Sports,Brand_1,72.5,2022-04-19,1
6,Fashion,Brand_39,57.08,2023-09-16,0
7,Beauty,Brand_42,27.23,2023-05-17,0
8,Home,Brand_41,121.82,2021-02-16,1
9,Home,Brand_73,25.37,2023-03-11,0
10,Home,Brand_61,84.11,2022-08-21,1
11,Sports,Brand_8,77.71,2022-04-20,1
12,Fashion,Brand_20,14.74,2021-07-27,0
13,Home,Brand_39,61.81,2022-06-15,1
14,Home,Brand_57,73.61,2023-05-02,1
15,Sports,Brand_88,100.75,2022-11-13,1
16,Grocery,Brand_28,15.92,2021-12-18,0
17,Electronics,Brand_75,146.18,2022-08-27,1
18,Sports,Brand_49,72.39,2022-05-08,1
19,Sports,Brand_81,128.05,2022-03-23,1
20,Home,Brand_16,123.17,2022-12-11,1
21,Fashion,Brand_49,56.9,2021-10-11,0
22,Electronics,Brand_67,119.11,2021-01-18,1
23,Electronics,Brand_62,59.39,2023-01-18,0
24,Home,Brand_61,67.65,2023-07-06,1
25,Home,Brand_9,74.82,2023-06-10,1
26,Fashion,Brand_2,57.72,2021-10-04,0
27,Home,Brand_49,52.75,2022-08-09,0
28,Beauty,Brand_4,30.7,2022-01-20,0
29,Beauty,Brand_25,43.46,2022-01-29,0
30,Grocery,Brand_47,15.22,2021-02-27,0
31,Fashion,Brand_28,45.83,2023-03-04,0
32,Home,Brand_78,62.62,2022-11-13,1
33,Beauty,Brand_35,38.6,2022-09-17,0
34,Fashion,Brand_95,58.08,2023-12-22,0
35,Electronics,Brand_37,113.67,2023-08-03,1
36,Grocery,Brand_19,9.68,2023-12-11,0
37,Fashion,Brand_27,60.77,2023-01-21,0
38,Home,Brand_28,133.41,2021-06-05,1
39,Fashion,Brand_62,37.9,2021-01-03,0
40,Home,Brand_12,104.36,2022-11-09,1
41,Beauty,Brand_23,11.2,2023-10-17,0
42,Electronics,Brand_5,77.43,2021-03-19,1
43,Grocery,Brand_72,14.63,2021-05-25,0
44,Electronics,Brand_16,123.03,2021-03-06,1
45,Grocery,Brand_18,30.56,2021-07-24,0
46,Home,Brand_14,174.24,2021-08-06,1
47,Fashion,Brand_34,42.69,2022-08-15,0
48,Fashion,Brand_60,25.13,2021-10-20,0
49,Beauty,Brand_26,41.44,2021-06-22,0
50,Grocery,Brand_76,18.63,2021-02-01,0
51,Fashion,Brand_2,59.09,2021-12-22,0
52,Grocery,Brand_98,16.33,2022-05-03,0
53,Home,Brand_72,117.76,2023-10-08,1
54,Grocery,Brand_90,11.32,2021-02-04,0
55,Grocery,Brand_91,19.82,2021-07-07,0
56,Grocery,Brand_83,9.6,2021-01-31,0
57,Electronics,Brand_25,181.95,2022-05-24,1
58,Home,Brand_86,154.54,2023-10-15,1
59,Sports,Brand_94,113.38,2022-07-29,1
60,Electronics,Brand_84,297.63,2021-06-26,1
61,Home,Brand_36,85.58,2021-05-29,1
62,Sports,Brand_59,70.45,2023-04-24,1
63,Beauty,Brand_87,11.75,2023-11-07,0
64,Electronics,Brand_98,73.84,2022-06-13,1
65,Sports,Brand_79,87.61,2023-05-23,1
66,Fashion,Brand_83,54.05,2023-07-22,0
67,Beauty,Brand_93,37.7,2021-07-11,0
68,Home,Brand_44,49.36,2022-07-05,0
69,Home,Brand_52,97.71,2023-09-02,1
70,Home,Brand_51,127.77,2021-07-03,1
71,Beauty,Brand_91,35.93,2022-08-27,0
72,Fashion,Brand_25,41.24,2023-04-03,0
73,Fashion,Brand_84,55.22,2022-09-04,0
74,Fashion,Brand_36,19.19,2023-06-05,0
75,Home,Brand_24,28.14,2021-05-11,0
76,Fashion,Brand_52,77.61,2022-10-10,1
77,Sports,Brand_25,92.24,2023-09-18,1
78,Home,Brand_6,148.88,2023-01-02,1
79,Beauty,Brand_95,46.28,2021-06-15,0
80,Electronics,Brand_7,160.82,2022-06-18,1
81,Fashion,Brand_68,37.83,2022-10-23,0
82,Fashion,Brand_69,62.58,2021-05-16,1
83,Home,Brand_37,43.62,2023-10-17,0
84,Home,Brand_74,83.57,2023-06-25,1
85,Fashion,Brand_14,72.41,2022-12-22,1
86,Electronics,Brand_20,86.69,2023-12-21,1
87,Electronics,Brand_24,270.57,2021-08-05,1
88,Home,Brand_51,99.8,2021-07-31,1
89,Fashion,Brand_84,45.07,2023-02-14,0
90,Grocery,Brand_98,17.32,2023-10-18,0
91,Home,Brand_97,64.05,2023-01-30,1
92,Sports,Brand_8,55.34,2021-12-06,0
93,Electronics,Brand_27,81.17,2023-05-24,1
94,Fashion,Brand_99,68.63,2021-09-04,1
95,Fashion,Brand_10,87.96,2021-07-16,1
96,Home,Brand_57,174.04,2022-12-12,1
97,Sports,Brand_38,64.51,2022-12-15,1
98,Electronics,Brand_6,79.4,2022-03-03,1
99,Grocery,Brand_47,17.83,2022-08-07,0
100,Fashion,Brand_56,23.85,2023-02-06,0
101,Beauty,Brand_79,36.56,2023-11-24,0
102,Grocery,Brand_18,8.33,2023-10-04,0
103,Fashion,Brand_52,67.44,2023-10-22,1
104,Grocery,Brand_58,7.98,2022-09-14,0
105,Home,Brand_43,85.77,2023-06-19,1
106,Home,Brand_27,101.38,2023-04-30,1
107,Beauty,Brand_59,29.8,2023-09-08,0
108,Grocery,Brand_48,19.69,2023-09-07,0
109,Beauty,Brand_72,24.48,2022-05-01,0
110,Home,Brand_22,117.45,2023-11-29,1
111,Home,Brand_13,114.33,2021-02-07,1
112,Fashion,Brand_59,88.5,2021-08-16,1
113,Grocery,Brand_24,13.51,2023-09-29,0
114,Home,Brand_16,63.29,2022-11-26,1
115,Grocery,Brand_10,9.01,2023-09-02,0
116,Grocery,Brand_16,8.43,2022-03-04,0
117,Grocery,Brand_69,26.36,2023-04-19,0
118,Grocery,Brand_51,16.44,2022-03-01,0
119,Fashion,Brand_7,45.54,2022-05-26,0
120,Fashion,Brand_34,130.64,2023-12-17,1
121,Beauty,Brand_73,39.46,2021-10-07,0
122,Home,Brand_69,123.68,2023-03-29,1
123,Sports,Brand_77,97.08,2021-04-12,1
124,Home,Brand_4,116.12,2022-01-16,1
125,Grocery,Brand_52,14.97,2021-04-09,0
126,Sports,Brand_88,47.88,2022-01-30,0
127,Electronics,Brand_60,116.18,2022-11-01,1
128,Electronics,Brand_67,190.41,2021-12-14,1
129,Beauty,Brand_52,9.81,2023-02-09,0
130,Electronics,Brand_96,107.68,2023-10-02,1
131,Fashion,Brand_18,72.5,2021-08-02,1
132,Electronics,Brand_5,97.99,2022-08-08,1
133,Fashion,Brand_39,112.91,2023-12-16,1
134,Sports,Brand_3,57.18,2022-08-06,0
135,Electronics,Brand_56,152.19,2022-05-09,1
136,Home,Brand_97,52.68,2023-12-07,0
137,Electronics,Brand_72,121.92,2022-03-28,1
138,Fashion,Brand_60,33.36,2021-04-11,0
139,Home,Brand_92,62.55,2023-11-14,1
140,Sports,Brand_78,43.31,2023-11-30,0
141,Electronics,Brand_9,81.11,2022-10-21,1
142,Home,Brand_6,56.35,2022-06-21,0
143,Fashion,Brand_75,39.86,2022-03-05,0
144,Fashion,Brand_83,53.71,2023-02-15,0
145,Electronics,Brand_7,151.04,2022-12-19,1
146,Grocery,Brand_93,10.81,2022-07-06,0
147,Electronics,Brand_54,123.47,2021-09-06,1
148,Electronics,Brand_41,112.0,2022-04-16,1
149,Electronics,Brand_89,163.21,2022-07-02,1
150,Home,Brand_22,62.73,2021-08-15,1
151,Beauty,Brand_48,58.76,2021-06-07,0
152,Fashion,Brand_4,53.33,2021-12-28,0
153,Sports,Brand_89,69.39,2023-06-17,1
154,Fashion,Brand_84,47.35,2023-04-10,0
155,Fashion,Brand_6,56.66,2021-05-01,0
156,Home,Brand_27,90.3,2023-05-07,1
157,Beauty,Brand_29,18.65,2023-07-05,0
158,Electronics,Brand_42,150.23,2023-03-14,1
159,Grocery,Brand_81,20.39,2023-06-28,0
160,Fashion,Brand_9,51.23,2022-05-30,0
161,Grocery,Brand_80,9.92,2021-08-28,0
162,Beauty,Brand_86,37.11,2021-12-11,0
163,Electronics,Brand_43,82.09,2023-02-10,1
164,Electronics,Brand_84,191.17,2021-02-23,1
165,Fashion,Brand_100,55.18,2021-10-14,0
166,Sports,Brand_61,56.33,2022-12-02,0
167,Grocery,Brand_87,30.69,2022-07-01,0
168,Electronics,Brand_88,83.9,2022-01-05,1
169,Electronics,Brand_8,108.03,2022-12-06,1
170,Grocery,Brand_99,13.11,2022-10-08,0
171,Electronics,Brand_29,217.92,2021-08-17,1
172,Electronics,Brand_94,72.02,2021-05-02,1
173,Home,Brand_27,109.33,2023-01-28,1
174,Grocery,Brand_95,18.46,2023-05-06,0
175,Electronics,Brand_38,95.94,2021-07-20,1
176,Beauty,Brand_12,24.94,2021-12-03,0
177,Electronics,Brand_14,152.66,2023-12-12,1
178,Home,Brand_44,67.46,2021-06-05,1
179,Electronics,Brand_4,191.2,2023-05-27,1
180,Sports,Brand_47,55.68,2022-08-05,0
181,Fashion,Brand_89,53.1,2022-05-24,0
182,Home,Brand_68,46.71,2022-01-03,0
183,Fashion,Brand_56,24.9,2023-12-28,0
184,Electronics,Brand_48,164.5,2021-09-19,1
185,Sports,Brand_84,87.76,2022-06-21,1
186,Fashion,Brand_64,54.89,2023-12-18,0
187,Home,Brand_97,78.87,2021-08-08,1
188,Beauty,Brand_9,29.48,2021-06-18,0
189,Electronics,Brand_84,252.95,2022-04-19,1
190,Electronics,Brand_52,166.89,2022-04-20,1
191,Sports,Brand_47,57.05,2021-06-11,0
192,Electronics,Brand_13,173.6,2023-09-13,1
193,Beauty,Brand_62,21.33,2022-05-27,0
194,Sports,Brand_68,76.61,2023-02-28,1
195,Fashion,Brand_25,53.09,2022-09-08,0
196,Electronics,Brand_31,94.73,2022-09-10,1
197,Fashion,Brand_58,62.85,2022-08-02,1
198,Electronics,Brand_38,77.74,2023-06-10,1
199,Electronics,Brand_39,223.41,2022-10-01,1
200,Home,Brand_87,72.31,2022-09-09,1
201,Beauty,Brand_68,39.11,2021-03-31,0
202,Fashion,Brand_29,42.74,2021-05-06,0
203,Electronics,Brand_83,115.47,2023-07-03,1
204,Electronics,Brand_68,82.59,2021-08-24,1
205,Home,Brand_84,63.24,2023-04-17,1
206,Home,Brand_86,51.19,2023-10-14,0
207,Fashion,Brand_50,96.99,2023-12-13,1
208,Grocery,Brand_84,9.09,2021-08-21,0
209,Electronics,Brand_73,81.39,2023-05-05,1
210,Home,Brand_88,83.07,2022-12-29,1
211,Electronics,Brand_87,84.18,2021-03-19,1
212,Fashion,Brand_34,54.47,2023-07-11,0
213,Home,Brand_6,45.75,2021-07-08,0
214,Electronics,Brand_12,118.06,2022-11-02,1
215,Electronics,Brand_91,111.47,2023-12-03,1
216,Home,Brand_88,83.49,2023-01-08,1
217,Beauty,Brand_44,35.67,2023-11-20,0
218,Electronics,Brand_30,74.5,2023-07-25,1
219,Beauty,Brand_82,55.59,2021-04-19,0
220,Electronics,Brand_84,122.34,2021-12-02,1
221,Fashion,Brand_30,42.32,2021-05-13,0
222,Home,Brand_3,80.73,2021-07-14,1
223,Electronics,Brand_6,399.36,2023-02-22,1
224,Fashion,Brand_34,81.02,2023-07-16,1
225,Home,Brand_50,49.62,2021-07-20,0
226,Home,Brand_84,66.82,2023-08-17,1
227,Fashion,Brand_8,80.44,2023-10-16,1
228,Fashion,Brand_89,42.33,2022-10-02,0
229,Home,Brand_51,122.93,2021-02-15,1
230,Electronics,Brand_80,94.61,2021-06-08,1
231,Electronics,Brand_37,93.76,2021-03-22,1
232,Home,Brand_73,91.28,2021-11-10,1
233,Home,Brand_56,154.81,2021-08-08,1
234,Electronics,Brand_71,165.54,2023-06-15,1
235,Grocery,Brand_50,10.91,2022-07-25,0
236,Sports,Brand_65,98.39,2021-11-07,1
237,Fashion,Brand_93,55.96,2022-02-09,0
238,Beauty,Brand_73,27.0,2021-04-25,0
239,Fashion,Brand_7,41.26,2022-10-18,0
240,Home,Brand_67,51.09,2023-02-23,0
241,Grocery,Brand_78,14.09,2023-11-24,0
242,Beauty,Brand_45,23.82,2021-05-17,0
243,Sports,Brand_47,40.24,2023-11-03,0
244,Grocery,Brand_40,21.24,2021-10-31,0
245,Beauty,Brand_53,18.83,2023-10-10,0
246,Electronics,Brand_54,64.53,2022-03-30,1
247,Fashion,Brand_74,45.45,2023-09-15,0
248,Fashion,Brand_38,44.57,2023-10-15,0
249,Electronics,Brand_45,67.23,2022-07-10,1
250,Fashion,Brand_8,16.37,2021-04-27,0
251,Fashion,Brand_50,67.75,2022-05-05,1
252,Fashion,Brand_54,74.8,2022-06-14,1
253,Beauty,Brand_18,17.49,2022-12-30,0
254,Fashion,Brand_75,45.5,2023-12-17,0
255,Home,Brand_58,56.63,2021-02-10,0
256,Electronics,Brand_78,152.16,2022-12-02,1
257,Home,Brand_38,80.37,2022-12-17,1
258,Grocery,Brand_91,12.22,2022-05-28,0
259,Sports,Brand_63,58.69,2023-02-07,0
260,Home,Brand_10,126.65,2021-07-05,1
261,Electronics,Brand_92,53.49,2022-03-05,0
262,Home,Brand_99,91.8,2021-09-30,1
263,Fashion,Brand_48,43.49,2022-03-26,0
264,Home,Brand_60,140.24,2022-04-17,1
265,Home,Brand_64,33.43,2021-12-14,0
266,Grocery,Brand_83,20.9,2022-03-12,0
267,Sports,Brand_100,43.84,2023-01-05,0
268,Electronics,Brand_58,196.6,2021-02-24,1
269,Electronics,Brand_53,121.81,2022-01-05,1
270,Beauty,Brand_5,32.14,2022-12-26,0
271,Grocery,Brand_10,44.99,2022-05-26,0
272,Sports,Brand_18,69.02,2023-04-17,1
273,Fashion,Brand_79,43.07,2021-04-10,0
274,Beauty,Brand_87,31.96,2021-04-23,0
275,Grocery,Brand_7,14.76,2023-05-17,0
276,Electronics,Brand_3,80.73,2022-05-19,1
277,Grocery,Brand_57,10.96,2023-01-27,0
278,Fashion,Brand_7,33.38,2021-04-19,0
279,Electronics,Brand_70,137.97,2023-12-12,1
280,Grocery,Brand_62,15.96,2023-06-23,0
281,Grocery,Brand_78,18.07,2023-08-24,0
282,Sports,Brand_51,90.1,2022-08-11,1
283,Electronics,Brand_17,104.81,2022-03-26,1
284,Grocery,Brand_62,8.58,2022-04-01,0
285,Electronics,Brand_64,197.18,2021-09-16,1
286,Beauty,Brand_5,29.38,2023-12-22,0
287,Electronics,Brand_4,159.92,2021-07-01,1
288,Sports,Brand_14,63.18,2022-12-11,1
289,Home,Brand_87,77.34,2021-12-15,1
290,Sports,Brand_1,109.97,2022-03-31,1
291,Home,Brand_82,54.51,2022-05-31,0
292,Electronics,Brand_5,138.05,2022-02-19,1
293,Beauty,Brand_78,31.91,2022-06-16,0
294,Beauty,Brand_35,23.69,2023-01-20,0
295,Grocery,Brand_59,9.48,2023-02-06,0
296,Fashion,Brand_95,48.4,2022-02-28,0
297,Beauty,Brand_63,15.41,2023-02-25,0
298,Grocery,Brand_65,18.25,2023-07-22,0
299,Sports,Brand_31,39.56,2021-02-02,0
300,Electronics,Brand_31,76.33,2021-08-25,1
301,Grocery,Brand_73,12.84,2023-05-24,0
302,Grocery,Brand_95,12.29,2022-09-22,0
303,Fashion,Brand_48,44.4,2023-11-27,0
304,Beauty,Brand_36,29.7,2023-08-17,0
305,Home,Brand_3,68.67,2023-03-07,1
306,Sports,Brand_9,96.37,2021-12-08,1
307,Grocery,Brand_36,15.44,2021-09-02,0
308,Sports,Brand_31,77.05,2021-07-17,1
309,Home,Brand_98,98.88,2022-08-01,1
310,Electronics,Brand_100,152.97,2021-12-17,1
311,Fashion,Brand_30,55.24,2021-04-02,0
312,Fashion,Brand_77,61.86,2021-03-26,1
313,Fashion,Brand_36,59.58,2021-04-24,0
314,Beauty,Brand_5,49.33,2021-04-14,0
315,Home,Brand_63,76.56,2023-05-28,1
316,Electronics,Brand_57,288.45,2021-05-03,1
317,Fashion,Brand_74,51.41,2021-12-28,0
318,Fashion,Brand_36,42.0,2023-10-07,0
319,Home,Brand_68,50.76,2022-05-20,0
320,Grocery,Brand_81,10.98,2023-01-08,0
321,Sports,Brand_81,87.18,2021-06-14,1
322,Grocery,Brand_43,42.01,2022-07-31,0
323,Fashion,Brand_44,80.5,2023-04-22,1
324,Fashion,Brand_95,89.67,2022-03-23,1
325,Electronics,Brand_5,233.18,2022-11-15,1
326,Grocery,Brand_96,12.2,2021-08-15,0
327,Grocery,Brand_8,14.72,2023-06-11,0
328,Grocery,Brand_45,29.71,2021-12-17,0
329,Sports,Brand_76,75.55,2021-06-01,1
330,Fashion,Brand_33,30.41,2022-04-17,0
331,Home,Brand_21,85.11,2022-07-24,1
332,Beauty,Brand_23,21.34,2022-02-01,0
333,Beauty,Brand_19,61.78,2021-12-17,1
334,Home,Brand_65,73.08,2021-12-21,1
335,Electronics,Brand_56,76.62,2021-07-28,1
336,Fashion,Brand_24,117.63,2023-06-15,1
337,Home,Brand_100,74.5,2023-05-17,1
338,Sports,Brand_35,41.77,2022-07-24,0
339,Grocery,Brand_61,18.15,2021-11-27,0
340,Sports,Brand_84,50.81,2021-04-17,0
341,Home,Brand_80,111.82,2021-11-04,1
342,Beauty,Brand_97,16.94,2023-01-01,0
343,Electronics,Brand_13,175.43,2022-06-27,1
344,Home,Brand_44,68.56,2023-04-08,1
345,Home,Brand_8,60.51,2023-08-13,0
346,Fashion,Brand_81,55.24,2022-04-16,0
347,Home,Brand_41,44.64,2021-09-07,0
348,Beauty,Brand_47,35.23,2023-07-26,0
349,Sports,Brand_8,49.33,2021-12-10,0
350,Fashion,Brand_41,19.04,2022-09-11,0
351,Home,Brand_50,133.85,2023-03-28,1
352,Grocery,Brand_83,10.62,2021-09-28,0
353,Sports,Brand_58,71.01,2021-05-18,1
354,Home,Brand_46,74.59,2023-09-19,1
355,Fashion,Brand_79,63.61,2021-12-24,1
356,Electronics,Brand_25,33.53,2021-10-11,0
357,Fashion,Brand_24,64.79,2023-03-21,1
358,Home,Brand_82,115.94,2021-10-17,1
359,Beauty,Brand_65,39.15,2022-07-16,0
360,Fashion,Brand_46,40.26,2023-05-23,0
361,Grocery,Brand_18,11.83,2022-08-30,0
362,Electronics,Brand_21,137.36,2022-04-23,1
363,Sports,Brand_87,90.88,2021-03-03,1
364,Home,Brand_60,67.46,2022-04-13,1
365,Electronics,Brand_38,152.37,2023-02-24,1
366,Sports,Brand_81,49.1,2023-12-13,0
367,Electronics,Brand_4,115.66,2023-09-13,1
368,Electronics,Brand_15,166.56,2021-01-28,1
369,Fashion,Brand_80,99.64,2021-03-14,1
370,Beauty,Brand_55,46.78,2023-04-02,0
371,Home,Brand_42,117.67,2023-09-30,1
372,Electronics,Brand_24,160.92,2023-07-19,1
373,Home,Brand_20,97.5,2022-07-13,1
374,Home,Brand_88,146.28,2022-11-19,1
375,Grocery,Brand_88,9.43,2022-10-22,0
376,Home,Brand_95,102.65,2023-01-03,1
377,Electronics,Brand_26,59.51,2022-07-31,0
378,Home,Brand_20,113.72,2021-07-23,1
379,Fashion,Brand_45,33.33,2023-03-22,0
380,Electronics,Brand_32,116.8,2022-12-18,1
381,Grocery,Brand_7,21.18,2022-11-01,0
382,Fashion,Brand_52,73.21,2023-02-12,1
383,Electronics,Brand_25,130.42,2023-03-13,1
384,Grocery,Brand_55,18.13,2021-05-07,0
385,Home,Brand_40,44.24,2022-07-14,0
386,Fashion,Brand_5,28.55,2021-05-30,0
387,Fashion,Brand_34,31.22,2023-07-29,0
388,Home,Brand_55,131.92,2023-07-12,1
389,Grocery,Brand_17,21.15,2021-06-27,0
390,Electronics,Brand_35,160.72,2023-08-02,1
391,Electronics,Brand_76,123.95,2021-12-13,1
392,Grocery,Brand_52,11.94,2022-07-08,0
393,Fashion,Brand_91,52.35,2022-09-05,0
394,Home,Brand_60,98.01,2021-08-17,1
395,Home,Brand_67,185.92,2023-12-07,1
396,Home,Brand_96,187.2,2023-04-11,1
397,Fashion,Brand_6,83.55,2022-06-20,1
398,Electronics,Brand_64,70.18,2022-01-13,1
399,Home,Brand_60,87.85,2021-11-03,1
400,Grocery,Brand_23,15.93,2022-07-02,0
401,Fashion,Brand_89,59.81,2022-09-07,0
402,Electronics,Brand_8,110.15,2021-11-26,1
403,Beauty,Brand_61,31.57,2022-04-20,0
404,Home,Brand_8,58.71,2022-12-10,0
405,Grocery,Brand_28,24.95,2023-08-02,0
406,Fashion,Brand_32,53.54,2023-11-14,0
407,Sports,Brand_83,78.51,2021-11-06,1
408,Grocery,Brand_39,14.64,2022-01-08,0
409,Fashion,Brand_31,40.81,2022-07-12,0
410,Fashion,Brand_97,56.19,2023-10-08,0
411,Electronics,Brand_33,135.91,2023-01-27,1
412,Home,Brand_74,203.07,2021-12-25,1
413,Sports,Brand_78,34.95,2023-12-14,0
414,Sports,Brand_62,70.11,2023-01-27,1
415,Beauty,Brand_27,40.91,2021-03-29,0
416,Fashion,Brand_14,30.67,2022-02-14,0
417,Sports,Brand_57,99.3,2022-11-08,1
418,Electronics,Brand_80,166.55,2021-12-15,1
419,Fashion,Brand_87,63.65,2021-03-23,1
420,Beauty,Brand_96,14.53,2023-02-03,0
421,Fashion,Brand_100,124.6,2023-07-27,1
422,Fashion,Brand_16,86.6,2022-01-11,1
423,Sports,Brand_31,68.68,2022-01-17,1
424,Home,Brand_59,95.85,2023-04-30,1
425,Sports,Brand_38,52.28,2021-02-04,0
426,Grocery,Brand_22,6.68,2022-11-20,0
427,Grocery,Brand_27,11.31,2022-09-26,0
428,Electronics,Brand_100,75.4,2022-03-28,1
429,Home,Brand_25,73.38,2022-11-06,1
430,Electronics,Brand_46,108.99,2022-10-20,1
431,Grocery,Brand_68,21.51,2023-08-31,0
432,Grocery,Brand_70,8.86,2023-02-14,0
433,Beauty,Brand_3,26.01,2023-11-21,0
434,Electronics,Brand_62,84.24,2021-01-16,1
435,Electronics,Brand_16,94.35,2021-05-14,1
436,Home,Brand_82,132.4,2023-02-22,1
437,Sports,Brand_97,95.26,2023-06-24,1
438,Home,Brand_29,86.44,2021-08-02,1
439,Fashion,Brand_4,34.84,2022-02-01,0
440,Fashion,Brand_45,86.75,2023-11-02,1
441,Grocery,Brand_18,19.85,2022-05-18,0
442,Fashion,Brand_71,44.73,2021-05-19,0
443,Electronics,Brand_99,148.63,2023-01-20,1
444,Sports,Brand_32,81.15,2022-03-20,1
445,Sports,Brand_40,54.94,2023-08-21,0
446,Home,Brand_3,74.12,2023-04-16,1
447,Home,Brand_78,83.06,2023-04-27,1
448,Fashion,Brand_4,58.84,2021-07-26,0
449,Home,Brand_1,83.23,2021-06-30,1
450,Home,Brand_54,75.71,2023-08-09,1
451,Beauty,Brand_2,34.22,2021-12-28,0
452,Home,Brand_41,86.29,2023-04-07,1
453,Grocery,Brand_18,12.44,2023-06-20,0
454,Electronics,Brand_31,125.9,2022-12-09,1
455,Fashion,Brand_77,62.14,2022-03-11,1
456,Electronics,Brand_3,140.53,2021-06-11,1
457,Fashion,Brand_68,26.49,2023-10-07,0
458,Sports,Brand_70,51.69,2022-06-17,0
459,Electronics,Brand_36,155.11,2021-12-18,1
460,Fashion,Brand_58,55.97,2022-06-18,0
461,Grocery,Brand_49,18.76,2023-04-22,0
462,Grocery,Brand_59,21.79,2022-11-01,0
463,Beauty,Brand_13,23.22,2023-02-05,0
464,Fashion,Brand_30,59.25,2022-01-15,0
465,Fashion,Brand_88,41.35,2023-09-21,0
466,Sports,Brand_10,91.46,2021-06-30,1
467,Sports,Brand_44,69.73,2021-05-20,1
468,Electronics,Brand_12,97.5,2022-02-08,1
469,Grocery,Brand_93,19.44,2022-03-12,0
470,Electronics,Brand_23,148.42,2021-06-01,1
471,Home,Brand_69,63.45,2023-07-08,1
472,Electronics,Brand_52,82.77,2022-06-12,1
473,Electronics,Brand_54,106.45,2022-04-30,1
474,Beauty,Brand_19,36.35,2023-06-20,0
475,Electronics,Brand_93,185.51,2022-08-23,1
476,Fashion,Brand_57,51.83,2021-02-14,0
477,Beauty,Brand_7,24.51,2023-02-19,0
478,Beauty,Brand_85,32.84,2023-08-12,0
479,Fashion,Brand_100,55.87,2021-07-04,0
480,Home,Brand_60,115.9,2022-05-20,1
481,Electronics,Brand_50,68.69,2022-04-03,1
482,Home,Brand_96,39.73,2021-12-31,0
483,Fashion,Brand_3,44.26,2021-03-04,0
484,Electronics,Brand_49,185.91,2023-03-26,1
485,Sports,Brand_85,59.71,2023-01-25,0
486,Home,Brand_43,85.88,2022-03-25,1
487,Beauty,Brand_99,28.9,2023-08-20,0
488,Beauty,Brand_94,16.54,2023-06-17,0
489,Grocery,Brand_16,28.0,2021-10-18,0
490,Sports,Brand_90,61.22,2021-01-31,0
491,Home,Brand_69,52.44,2023-11-22,0
492,Beauty,Brand_75,27.13,2023-02-09,0
493,Fashion,Brand_27,52.36,2021-01-26,0
494,Grocery,Brand_86,15.05,2022-03-25,0
495,Electronics,Brand_24,167.2,2022-06-26,1
496,Electronics,Brand_16,464.58,2022-10-31,1
497,Fashion,Brand_95,67.0,2023-10-09,1
498,Fashion,Brand_20,61.54,2021-06-02,1
499,Home,Brand_58,89.69,2022-12-12,1
500,Sports,Brand_82,98.84,2021-02-15,1
501,Grocery,Brand_81,21.29,2022-11-19,0
502,Grocery,Brand_83,15.57,2022-05-04,0
503,Electronics,Brand_21,121.38,2023-07-15,1
504,Sports,Brand_46,72.69,2021-01-18,1
505,Home,Brand_55,126.93,2023-06-10,1
506,Fashion,Brand_95,38.04,2023-09-02,0
507,Grocery,Brand_73,12.68,2021-09-14,0
508,Fashion,Brand_51,16.97,2021-11-14,0
509,Grocery,Brand_38,39.58,2022-08-29,0
510,Electronics,Brand_8,128.37,2022-04-04,1
511,Sports,Brand_18,121.26,2022-02-07,1
512,Fashion,Brand_10,30.34,2022-03-22,0
513,Grocery,Brand_8,17.48,2021-09-01,0
514,Fashion,Brand_78,71.96,2022-06-02,1
515,Electronics,Brand_69,81.58,2023-04-23,1
516,Electronics,Brand_19,97.64,2021-11-04,1
517,Fashion,Brand_52,78.75,2021-02-09,1
518,Fashion,Brand_85,58.37,2022-12-29,0
519,Home,Brand_49,60.09,2023-06-17,0
520,Grocery,Brand_82,19.79,2023-11-22,0
521,Sports,Brand_49,75.45,2022-06-15,1
522,Fashion,Brand_85,68.98,2022-11-11,1
523,Beauty,Brand_30,38.9,2022-03-07,0
524,Fashion,Brand_7,53.2,2023-04-18,0
525,Fashion,Brand_23,51.51,2023-04-28,0
526,Beauty,Brand_94,40.79,2023-12-28,0
527,Electronics,Brand_50,114.68,2021-02-14,1
528,Electronics,Brand_69,152.74,2022-04-10,1
529,Electronics,Brand_16,108.79,2022-02-17,1
530,Grocery,Brand_68,7.78,2021-12-18,0
531,Electronics,Brand_99,110.8,2022-07-23,1
532,Sports,Brand_62,104.76,2023-08-31,1
533,Home,Brand_94,94.16,2023-08-15,1
534,Electronics,Brand_100,151.23,2021-11-04,1
535,Home,Brand_28,104.51,2021-11-29,1
536,Beauty,Brand_27,27.85,2023-04-06,0
537,Home,Brand_41,56.06,2023-12-03,0
538,Sports,Brand_71,82.07,2023-08-11,1
539,Sports,Brand_62,44.87,2021-10-01,0
540,Fashion,Brand_40,21.29,2022-11-03,0
541,Beauty,Brand_50,38.14,2022-09-05,0
542,Electronics,Brand_98,57.44,2021-10-06,0
543,Electronics,Brand_30,112.03,2022-12-17,1
544,Electronics,Brand_41,78.58,2023-10-13,1
545,Fashion,Brand_75,67.55,2021-09-13,1
546,Grocery,Brand_8,14.39,2023-12-24,0
547,Electronics,Brand_12,199.24,2023-08-11,1
548,Home,Brand_49,91.07,2023-07-18,1
549,Grocery,Brand_12,26.12,2021-10-31,0
550,Electronics,Brand_77,208.06,2021-03-16,1
551,Sports,Brand_82,52.04,2021-06-07,0
552,Grocery,Brand_21,11.22,2023-11-15,0
553,Sports,Brand_55,91.28,2022-04-22,1
554,Electronics,Brand_91,97.97,2022-08-29,1
555,Grocery,Brand_41,18.06,2021-04-18,0
556,Home,Brand_9,97.69,2023-02-21,1
557,Fashion,Brand_76,60.39,2023-11-05,0
558,Electronics,Brand_70,146.29,2022-01-25,1
559,Electronics,Brand_3,79.22,2023-07-07,1
560,Electronics,Brand_50,133.59,2023-04-17,1
561,Sports,Brand_14,73.88,2022-09-24,1
562,Grocery,Brand_13,13.78,2021-11-16,0
563,Home,Brand_56,67.08,2022-10-03,1
564,Electronics,Brand_26,245.45,2022-03-25,1
565,Electronics,Brand_75,95.03,2022-01-29,1
566,Home,Brand_68,77.96,2022-07-17,1
567,Fashion,Brand_6,47.78,2022-05-16,0
568,Home,Brand_8,126.81,2023-03-02,1
569,Grocery,Brand_75,15.45,2021-07-13,0
570,Home,Brand_8,115.02,2021-01-13,1
571,Grocery,Brand_3,23.73,2023-03-25,0
572,Fashion,Brand_69,37.16,2023-03-08,0
573,Home,Brand_50,77.01,2022-09-03,1
574,Home,Brand_40,88.68,2021-10-31,1
575,Sports,Brand_60,87.05,2022-11-05,1
576,Beauty,Brand_46,24.65,2021-01-27,0
577,Electronics,Brand_6,113.4,2022-10-18,1
578,Sports,Brand_33,22.57,2023-05-04,0
579,Beauty,Brand_14,24.43,2023-12-22,0
580,Fashion,Brand_57,53.9,2023-11-26,0
581,Electronics,Brand_85,230.07,2021-04-06,1
582,Sports,Brand_44,46.35,2021-04-10,0
583,Sports,Brand_92,156.84,2021-10-10,1
584,Fashion,Brand_56,44.4,2021-12-12,0
585,Home,Brand_31,75.38,2023-03-11,1
586,Electronics,Brand_46,107.95,2022-10-01,1
587,Home,Brand_66,134.4,2022-12-17,1
588,Home,Brand_48,55.49,2022-09-09,0
589,Electronics,Brand_32,153.25,2023-08-05,1
590,Home,Brand_62,38.8,2022-09-17,0
591,Electronics,Brand_29,164.09,2021-08-25,1
592,Electronics,Brand_48,71.12,2023-03-09,1
593,Electronics,Brand_71,115.79,2021-11-23,1
594,Electronics,Brand_19,112.89,2022-11-10,1
595,Beauty,Brand_71,26.97,2022-12-03,0
596,Fashion,Brand_63,55.79,2021-05-14,0
597,Beauty,Brand_41,38.91,2022-07-05,0
598,Electronics,Brand_95,131.34,2021-08-24,1
599,Home,Brand_26,101.97,2023-01-05,1
600,Grocery,Brand_48,15.07,2021-07-09,0
601,Sports,Brand_72,34.58,2021-01-12,0
602,Home,Brand_65,81.5,2023-04-28,1
603,Electronics,Brand_72,76.66,2022-06-11,1
604,Grocery,Brand_97,8.96,2023-02-26,0
605,Fashion,Brand_45,53.64,2022-03-28,0
606,Home,Brand_32,158.02,2021-10-23,1
607,Home,Brand_95,106.13,2023-05-11,1
608,Electronics,Brand_11,61.25,2023-11-12,1
609,Electronics,Brand_19,78.41,2023-07-23,1
610,Home,Brand_24,46.2,2021-01-21,0
611,Sports,Brand_75,108.69,2022-02-01,1
612,Fashion,Brand_31,42.54,2022-06-12,0
613,Fashion,Brand_54,30.44,2023-04-25,0
614,Fashion,Brand_45,52.19,2022-04-15,0
615,Home,Brand_61,91.72,2022-09-09,1
616,Home,Brand_47,82.85,2022-05-27,1
617,Electronics,Brand_2,87.57,2022-05-20,1
618,Home,Brand_60,85.54,2023-11-17,1
619,Grocery,Brand_20,10.21,2023-11-25,0
620,Fashion,Brand_78,85.64,2023-08-14,1
621,Fashion,Brand_67,66.24,2021-11-23,1
622,Fashion,Brand_70,93.32,2021-08-22,1
623,Home,Brand_49,61.36,2022-10-13,1
624,Grocery,Brand_49,25.37,2022-07-04,0
625,Grocery,Brand_69,17.87,2023-01-14,0
626,Beauty,Brand_67,33.63,2021-11-27,0
627,Home,Brand_43,119.38,2021-06-15,1
628,Electronics,Brand_67,272.98,2021-05-26,1
629,Fashion,Brand_90,55.17,2021-09-01,0
630,Fashion,Brand_71,47.27,2021-01-14,0
631,Fashion,Brand_55,36.14,2022-10-28,0
632,Grocery,Brand_9,20.3,2021-09-06,0
633,Home,Brand_56,172.13,2023-12-04,1
634,Home,Brand_72,120.69,2022-05-13,1
635,Fashion,Brand_51,34.39,2021-11-06,0
636,Electronics,Brand_60,106.38,2022-05-04,1
637,Beauty,Brand_59,33.52,2022-05-16,0
638,Home,Brand_86,74.46,2021-05-27,1
639,Fashion,Brand_90,38.4,2023-08-27,0
640,Beauty,Brand_74,32.93,2021-03-29,0
641,Electronics,Brand_63,121.27,2021-01-25,1
642,Grocery,Brand_23,13.44,2021-06-27,0
643,Beauty,Brand_86,30.93,2023-12-27,0
644,Grocery,Brand_40,16.11,2021-05-03,0
645,Sports,Brand_36,132.72,2023-05-17,1
646,Home,Brand_92,121.91,2023-06-26,1
647,Sports,Brand_51,63.29,2022-07-21,1
648,Electronics,Brand_56,112.41,2023-12-08,1
649,Home,Brand_66,187.53,2022-01-15,1
650,Home,Brand_44,50.94,2022-08-15,0
651,Grocery,Brand_70,9.3,2021-08-24,0
652,Grocery,Brand_5,8.96,2023-11-01,0
653,Fashion,Brand_76,31.85,2023-08-05,0
654,Beauty,Brand_68,30.31,2021-12-10,0
655,Sports,Brand_22,100.79,2022-12-24,1
656,Grocery,Brand_99,16.31,2022-08-14,0
657,Grocery,Brand_68,5.11,2021-08-12,0
658,Fashion,Brand_18,62.28,2023-09-15,1
659,Grocery,Brand_7,5.73,2021-04-17,0
660,Home,Brand_57,41.05,2023-05-21,0
661,Electronics,Brand_87,116.06,2021-08-20,1
662,Electronics,Brand_67,125.75,2022-05-28,1
663,Home,Brand_67,88.49,2022-06-25,1
664,Beauty,Brand_32,42.75,2023-12-08,0
665,Grocery,Brand_63,24.86,2022-06-12,0
666,Home,Brand_51,139.74,2023-08-10,1
667,Grocery,Brand_80,12.46,2023-02-22,0
668,Electronics,Brand_7,133.48,2023-03-22,1
669,Electronics,Brand_75,100.67,2021-11-15,1
670,Home,Brand_3,85.74,2023-05-06,1
671,Electronics,Brand_68,99.27,2023-08-12,1
672,Grocery,Brand_66,21.58,2023-10-29,0
673,Electronics,Brand_82,155.04,2022-07-10,1
674,Beauty,Brand_49,30.09,2022-04-14,0
675,Fashion,Brand_89,100.28,2022-05-13,1
676,Grocery,Brand_23,12.55,2022-02-17,0
677,Fashion,Brand_100,25.06,2022-05-21,0
678,Home,Brand_83,59.85,2022-01-29,0
679,Sports,Brand_81,50.79,2023-01-19,0
680,Fashion,Brand_79,43.67,2023-07-10,0
681,Home,Brand_12,124.64,2021-05-11,1
682,Fashion,Brand_83,21.86,2021-04-07,0
683,Electronics,Brand_3,142.8,2023-02-17,1
684,Home,Brand_89,97.57,2021-09-02,1
685,Home,Brand_72,73.47,2023-03-01,1
686,Electronics,Brand_20,133.2,2023-10-23,1
687,Electronics,Brand_43,231.28,2022-02-27,1
688,Electronics,Brand_14,102.6,2021-02-18,1
689,Grocery,Brand_31,16.15,2021-09-14,0
690,Fashion,Brand_64,25.47,2023-04-23,0
691,Grocery,Brand_17,11.91,2021-06-01,0
692,Electronics,Brand_70,115.61,2022-10-12,1
693,Beauty,Brand_44,55.18,2021-01-03,0
694,Beauty,Brand_6,29.21,2022-03-12,0
695,Electronics,Brand_71,93.79,2021-07-14,1
696,Grocery,Brand_39,20.07,2023-12-08,0
697,Electronics,Brand_76,96.47,2023-10-19,1
698,Fashion,Brand_58,60.34,2022-06-18,0
699,Fashion,Brand_4,33.53,2022-10-30,0
700,Electronics,Brand_40,101.85,2022-05-27,1
701,Grocery,Brand_13,12.84,2022-07-04,0
702,Grocery,Brand_63,15.56,2022-06-20,0
703,Electronics,Brand_55,93.92,2021-12-02,1
704,Fashion,Brand_70,62.24,2022-11-21,1
705,Electronics,Brand_53,279.87,2021-02-14,1
706,Grocery,Brand_36,6.86,2021-03-21,0
707,Home,Brand_71,57.0,2022-09-20,0
708,Electronics,Brand_6,92.08,2023-05-16,1
709,Fashion,Brand_98,71.54,2023-09-05,1
710,Beauty,Brand_40,19.0,2022-04-21,0
711,Fashion,Brand_100,45.44,2021-08-14,0
712,Fashion,Brand_1,55.48,2021-10-25,0
713,Electronics,Brand_74,66.58,2021-06-30,1
714,Sports,Brand_35,47.82,2022-05-18,0
715,Grocery,Brand_8,16.28,2023-07-11,0
716,Beauty,Brand_7,34.28,2022-02-06,0
717,Fashion,Brand_93,89.93,2023-02-03,1
718,Grocery,Brand_79,11.95,2023-09-27,0
719,Grocery,Brand_1,16.23,2023-12-17,0
720,Fashion,Brand_83,51.79,2021-11-16,0
721,Home,Brand_57,36.51,2021-12-13,0
722,Fashion,Brand_74,45.88,2022-08-28,0
723,Electronics,Brand_32,67.04,2021-05-30,1
724,Home,Brand_53,83.16,2022-07-30,1
725,Fashion,Brand_1,40.75,2022-11-16,0
726,Electronics,Brand_28,171.12,2022-02-13,1
727,Electronics,Brand_2,202.15,2023-11-28,1
728,Grocery,Brand_65,18.71,2023-06-14,0
729,Home,Brand_5,117.38,2023-12-03,1
730,Electronics,Brand_56,377.64,2023-09-28,1
731,Beauty,Brand_7,42.72,2022-04-19,0
732,Home,Brand_34,128.28,2021-11-16,1
733,Electronics,Brand_51,145.73,2022-02-18,1
734,Beauty,Brand_43,37.35,2022-06-05,0
735,Beauty,Brand_84,23.6,2023-06-26,0
736,Beauty,Brand_50,10.13,2023-12-27,0
737,Electronics,Brand_16,152.54,2022-02-12,1
738,Electronics,Brand_90,178.42,2022-10-01,1
739,Electronics,Brand_76,169.79,2021-06-25,1
740,Electronics,Brand_14,160.83,2023-04-06,1
741,Grocery,Brand_93,17.14,2023-09-03,0
742,Fashion,Brand_68,35.42,2022-04-21,0
743,Home,Brand_97,81.51,2023-08-14,1
744,Grocery,Brand_77,14.2,2022-04-17,0
745,Grocery,Brand_36,16.35,2021-07-30,0
746,Grocery,Brand_76,15.34,2023-03-22,0
747,Fashion,Brand_86,41.36,2021-02-14,0
748,Electronics,Brand_94,93.24,2021-03-08,1
749,Sports,Brand_34,48.57,2022-12-26,0
750,Electronics,Brand_89,112.26,2023-08-25,1
751,Fashion,Brand_3,21.78,2023-04-20,0
752,Fashion,Brand_17,48.1,2023-10-13,0
753,Fashion,Brand_1,81.2,2023-06-24,1
754,Fashion,Brand_9,61.6,2021-10-04,1
755,Fashion,Brand_17,40.1,2021-08-29,0
756,Home,Brand_6,126.36,2021-12-24,1
757,Home,Brand_27,85.41,2022-09-17,1
758,Grocery,Brand_60,8.77,2021-06-12,0
759,Beauty,Brand_57,33.04,2021-08-04,0
760,Home,Brand_64,101.23,2021-08-16,1
761,Home,Brand_69,178.76,2023-05-08,1
762,Home,Brand_28,49.48,2023-07-29,0
763,Home,Brand_19,69.28,2022-04-27,1
764,Grocery,Brand_45,18.23,2022-05-23,0
765,Grocery,Brand_7,17.89,2021-11-21,0
766,Grocery,Brand_7,23.57,2022-08-05,0
767,Electronics,Brand_30,81.64,2021-02-07,1
768,Home,Brand_58,61.26,2021-01-06,1
769,Electronics,Brand_69,149.38,2021-01-14,1
770,Sports,Brand_28,89.2,2022-05-18,1
771,Electronics,Brand_25,136.01,2022-08-05,1
772,Grocery,Brand_81,19.91,2022-12-15,0
773,Sports,Brand_34,60.0,2022-10-01,0
774,Electronics,Brand_39,95.09,2022-02-06,1
775,Grocery,Brand_27,46.55,2021-11-08,0
776,Beauty,Brand_9,8.9,2023-03-31,0
777,Home,Brand_36,73.46,2022-05-28,1
778,Beauty,Brand_63,17.95,2022-07-27,0
779,Grocery,Brand_86,13.62,2023-12-10,0
780,Fashion,Brand_23,59.35,2023-08-14,0
781,Home,Brand_33,121.76,2022-05-29,1
782,Fashion,Brand_96,86.73,2023-07-18,1
783,Electronics,Brand_52,41.66,2022-05-29,0
784,Electronics,Brand_92,188.05,2021-06-21,1
785,Sports,Brand_93,138.25,2021-02-16,1
786,Home,Brand_50,48.12,2021-01-25,0
787,Grocery,Brand_32,12.89,2023-12-29,0
788,Home,Brand_91,57.03,2023-02-09,0
789,Fashion,Brand_23,16.11,2021-10-09,0
790,Electronics,Brand_93,144.12,2023-03-24,1
791,Electronics,Brand_38,130.65,2022-02-05,1
792,Grocery,Brand_68,23.03,2022-06-26,0
793,Fashion,Brand_49,61.05,2022-05-24,0
794,Home,Brand_39,177.74,2022-04-21,1
795,Home,Brand_100,47.09,2021-02-21,0
796,Home,Brand_78,118.92,2022-05-25,1
797,Grocery,Brand_88,9.26,2021-01-18,0
798,Electronics,Brand_20,110.28,2023-08-15,1
799,Fashion,Brand_73,49.56,2022-09-16,0
800,Electronics,Brand_70,137.87,2021-04-16,1
801,Fashion,Brand_19,70.51,2023-02-18,1
802,Grocery,Brand_82,17.75,2021-01-03,0
803,Home,Brand_75,143.1,2021-09-14,1
804,Sports,Brand_60,39.07,2022-05-05,0
805,Home,Brand_20,118.65,2021-04-10,1
806,Home,Brand_63,55.65,2021-01-01,0
807,Home,Brand_14,55.97,2021-05-22,0
808,Fashion,Brand_74,40.83,2021-11-29,0
809,Fashion,Brand_52,73.88,2022-06-19,1
810,Electronics,Brand_92,79.71,2022-01-16,1
811,Electronics,Brand_78,84.07,2022-05-15,1
812,Electronics,Brand_59,152.48,2023-07-09,1
813,Grocery,Brand_49,12.01,2023-03-30,0
814,Fashion,Brand_62,27.33,2023-03-13,0
815,Sports,Brand_67,71.75,2022-01-23,1
816,Fashion,Brand_15,62.36,2021-08-13,1
817,Home,Brand_81,93.71,2023-02-12,1
818,Electronics,Brand_25,120.73,2021-01-24,1
819,Electronics,Brand_90,131.67,2021-10-03,1
820,Sports,Brand_78,83.39,2021-05-10,1
821,Home,Brand_56,66.39,2023-10-14,1
822,Home,Brand_31,75.56,2022-11-06,1
823,Beauty,Brand_39,61.85,2022-08-29,1
824,Electronics,Brand_1,152.18,2023-02-27,1
825,Home,Brand_82,81.46,2021-04-02,1
826,Electronics,Brand_88,158.59,2021-06-23,1
827,Sports,Brand_1,58.11,2022-12-31,0
828,Grocery,Brand_47,20.84,2021-10-30,0
829,Electronics,Brand_47,114.87,2023-10-31,1
830,Electronics,Brand_80,242.9,2023-11-13,1
831,Home,Brand_79,64.43,2021-06-23,1
832,Home,Brand_88,77.8,2022-04-17,1
833,Beauty,Brand_12,35.27,2022-04-19,0
834,Home,Brand_31,78.7,2022-12-06,1
835,Home,Brand_61,76.74,2023-10-15,1
836,Fashion,Brand_46,170.42,2022-05-02,1
837,Home,Brand_41,101.06,2021-12-04,1
838,Fashion,Brand_95,52.69,2022-01-15,0
839,Home,Brand_73,70.23,2022-04-11,1
840,Electronics,Brand_41,102.79,2022-06-16,1
841,Fashion,Brand_40,44.12,2023-01-13,0
842,Electronics,Brand_24,90.63,2021-12-29,1
843,Grocery,Brand_27,13.12,2023-01-24,0
844,Fashion,Brand_6,36.42,2022-04-24,0
845,Fashion,Brand_84,53.2,2021-06-11,0
846,Fashion,Brand_44,65.23,2021-11-13,1
847,Beauty,Brand_89,45.84,2023-03-25,0
848,Home,Brand_80,75.69,2023-02-04,1
849,Grocery,Brand_19,11.42,2021-02-02,0
850,Home,Brand_42,90.17,2023-02-07,1
851,Electronics,Brand_85,159.39,2022-07-10,1
852,Fashion,Brand_37,32.31,2021-07-05,0
853,Electronics,Brand_94,146.42,2021-03-17,1
854,Beauty,Brand_68,54.12,2021-01-01,0
855,Fashion,Brand_4,67.44,2021-05-12,1
856,Grocery,Brand_46,16.89,2023-02-16,0
857,Electronics,Brand_9,185.19,2022-05-02,1
858,Beauty,Brand_91,21.46,2021-06-07,0
859,Electronics,Brand_28,111.08,2021-02-15,1
860,Home,Brand_54,136.61,2023-02-24,1
861,Fashion,Brand_32,44.34,2023-05-12,0
862,Home,Brand_33,138.9,2022-01-15,1
863,Fashion,Brand_29,29.28,2021-01-11,0
864,Electronics,Brand_83,58.5,2023-11-15,0
865,Beauty,Brand_30,51.76,2022-07-26,0
866,Grocery,Brand_90,12.5,2021-03-09,0
867,Sports,Brand_48,54.04,2023-01-02,0
868,Sports,Brand_32,72.18,2022-06-20,1
869,Electronics,Brand_55,146.36,2022-10-11,1
870,Grocery,Brand_47,29.64,2021-11-20,0
871,Electronics,Brand_22,104.15,2021-08-13,1
872,Home,Brand_54,97.95,2022-06-09,1
873,Grocery,Brand_55,20.2,2022-09-05,0
874,Electronics,Brand_21,164.4,2023-09-23,1
875,Electronics,Brand_27,115.37,2023-10-31,1
876,Home,Brand_62,234.84,2022-08-15,1
877,Grocery,Brand_42,8.44,2022-12-29,0
878,Grocery,Brand_54,22.09,2023-07-05,0
879,Home,Brand_12,45.12,2023-04-13,0
880,Fashion,Brand_25,63.83,2023-07-03,1
881,Electronics,Brand_1,178.36,2021-07-30,1
882,Fashion,Brand_92,78.16,2022-07-20,1
883,Grocery,Brand_43,7.76,2022-08-05,0
884,Grocery,Brand_72,12.2,2021-09-22,0
885,Home,Brand_10,116.65,2023-12-15,1
886,Fashion,Brand_51,25.17,2022-06-03,0
887,Beauty,Brand_55,28.0,2022-07-07,0
888,Beauty,Brand_2,18.04,2021-05-26,0
889,Electronics,Brand_84,112.29,2023-11-22,1
890,Electronics,Brand_66,103.59,2023-11-29,1
891,Electronics,Brand_70,94.7,2023-05-31,1
892,Home,Brand_11,58.77,2021-02-10,0
893,Home,Brand_86,60.53,2023-01-04,0
894,Fashion,Brand_30,84.37,2022-01-01,1
895,Grocery,Brand_8,7.65,2023-10-06,0
896,Fashion,Brand_84,64.11,2023-05-15,1
897,Fashion,Brand_42,50.23,2021-05-17,0
898,Fashion,Brand_72,34.84,2022-03-10,0
899,Electronics,Brand_65,176.65,2022-12-28,1
900,Electronics,Brand_63,106.95,2022-02-13,1
901,Sports,Brand_57,80.9,2022-04-23,1
902,Electronics,Brand_65,196.95,2023-11-16,1
903,Home,Brand_61,66.52,2021-06-26,1
904,Fashion,Brand_90,44.3,2023-02-10,0
905,Fashion,Brand_7,87.67,2022-05-22,1
906,Home,Brand_23,66.31,2021-11-09,1
907,Beauty,Brand_33,28.26,2022-01-23,0
908,Electronics,Brand_35,139.16,2021-03-04,1
909,Grocery,Brand_82,19.95,2022-03-29,0
910,Electronics,Brand_16,107.98,2022-10-02,1
911,Fashion,Brand_10,53.4,2023-05-21,0
912,Electronics,Brand_70,166.6,2022-04-13,1
913,Grocery,Brand_27,14.05,2022-04-19,0
914,Fashion,Brand_38,45.87,2023-04-19,0
915,Fashion,Brand_48,52.26,2022-09-24,0
916,Fashion,Brand_73,44.49,2022-07-17,0
917,Home,Brand_5,85.92,2021-10-23,1
918,Fashion,Brand_7,23.03,2023-01-05,0
919,Home,Brand_15,195.76,2021-12-08,1
920,Beauty,Brand_64,36.58,2022-01-24,0
921,Beauty,Brand_60,38.31,2022-02-16,0
922,Electronics,Brand_99,140.06,2023-01-11,1
923,Fashion,Brand_93,58.4,2021-05-14,0
924,Fashion,Brand_28,40.17,2023-10-24,0
925,Grocery,Brand_47,17.06,2021-12-31,0
926,Grocery,Brand_1,14.28,2022-02-08,0
927,Grocery,Brand_38,13.9,2021-10-16,0
928,Electronics,Brand_17,76.14,2022-09-25,1
929,Electronics,Brand_24,90.2,2023-12-10,1
930,Grocery,Brand_14,8.97,2023-03-14,0
931,Fashion,Brand_23,58.08,2023-03-10,0
932,Fashion,Brand_76,103.79,2021-09-25,1
933,Electronics,Brand_34,184.09,2023-02-17,1
934,Home,Brand_78,41.65,2022-06-25,0
935,Sports,Brand_78,81.87,2023-12-09,1
936,Sports,Brand_25,77.69,2022-11-02,1
937,Home,Brand_11,122.5,2021-08-17,1
938,Fashion,Brand_75,52.88,2021-06-02,0
939,Electronics,Brand_98,58.86,2023-02-24,0
940,Grocery,Brand_67,11.93,2023-05-19,0
941,Sports,Brand_51,131.96,2021-07-04,1
942,Home,Brand_67,67.67,2022-08-29,1
943,Sports,Brand_13,78.46,2022-03-14,1
944,Beauty,Brand_3,20.95,2023-03-08,0
945,Sports,Brand_27,78.06,2022-12-21,1
946,Electronics,Brand_39,175.92,2021-04-14,1
947,Electronics,Brand_23,112.39,2021-10-20,1
948,Sports,Brand_34,139.69,2023-03-30,1
949,Fashion,Brand_17,35.8,2021-02-06,0
950,Fashion,Brand_68,32.46,2023-08-04,0
951,Beauty,Brand_72,36.06,2021-03-05,0
952,Sports,Brand_19,84.92,2021-03-14,1
953,Grocery,Brand_66,13.7,2023-02-10,0
954,Sports,Brand_26,82.88,2021-04-18,1
955,Grocery,Brand_4,13.06,2023-11-27,0
956,Electronics,Brand_62,173.07,2021-04-06,1
957,Grocery,Brand_42,15.41,2023-02-21,0
958,Electronics,Brand_10,96.37,2022-12-05,1
959,Electronics,Brand_46,145.57,2021-11-20,1
960,Home,Brand_54,111.77,2021-11-13,1
961,Home,Brand_67,31.44,2021-09-28,0
962,Fashion,Brand_87,29.08,2022-09-28,0
963,Electronics,Brand_51,61.2,2022-07-01,0
964,Home,Brand_1,66.35,2023-10-17,1
965,Home,Brand_11,104.54,2023-08-07,1
966,Fashion,Brand_1,71.93,2022-04-02,1
967,Beauty,Brand_12,25.75,2022-12-30,0
968,Electronics,Brand_77,151.4,2022-11-07,1
969,Fashion,Brand_36,42.68,2022-03-10,0
970,Electronics,Brand_4,88.29,2021-11-30,1
971,Electronics,Brand_78,202.56,2022-03-12,1
972,Home,Brand_34,60.71,2022-12-14,0
973,Electronics,Brand_49,196.26,2023-03-03,1
974,Sports,Brand_54,101.55,2021-05-02,1
975,Sports,Brand_80,77.56,2022-05-15,1
976,Fashion,Brand_56,82.29,2022-05-08,1
977,Fashion,Brand_44,42.76,2023-03-17,0
978,Fashion,Brand_21,38.91,2022-01-15,0
979,Sports,Brand_29,74.99,2021-11-30,1
980,Beauty,Brand_15,86.36,2023-01-18,1
981,Beauty,Brand_11,18.5,2023-12-07,0
982,Grocery,Brand_25,25.29,2022-04-20,0
983,Grocery,Brand_54,20.4,2022-04-10,0
984,Sports,Brand_2,56.13,2023-01-26,0
985,Electronics,Brand_31,183.56,2023-04-22,1
986,Grocery,Brand_58,46.89,2022-04-10,0
987,Electronics,Brand_24,100.31,2022-01-31,1
988,Fashion,Brand_21,67.41,2022-08-14,1
989,Fashion,Brand_61,69.16,2023-07-29,1
990,Sports,Brand_96,54.26,2021-03-07,0
991,Fashion,Brand_61,30.96,2022-03-20,0
992,Fashion,Brand_41,59.84,2023-10-04,0
993,Home,Brand_43,49.0,2023-11-25,0
994,Fashion,Brand_82,101.19,2023-10-21,1
995,Fashion,Brand_39,33.56,2022-03-02,0
996,Home,Brand_71,92.0,2021-02-14,1
997,Sports,Brand_35,77.46,2022-06-23,1
998,Sports,Brand_26,74.68,2021-10-03,1
999,Home,Brand_11,117.3,2022-02-16,1
1000,Beauty,Brand_21,29.68,2021-04-09,0
1001,Electronics,Brand_35,60.79,2023-11-24,0
1002,Home,Brand_8,87.78,2023-04-30,1
1003,Beauty,Brand_78,20.94,2023-01-14,0
1004,Home,Brand_10,49.93,2021-08-31,0
1005,Grocery,Brand_72,14.81,2021-12-22,0
1006,Electronics,Brand_55,131.33,2023-08-31,1
1007,Electronics,Brand_77,228.26,2023-11-16,1
1008,Fashion,Brand_37,46.5,2022-06-10,0
1009,Grocery,Brand_99,7.82,2023-06-30,0
1010,Fashion,Brand_73,77.78,2022-12-23,1
1011,Electronics,Brand_53,69.3,2022-12-10,1
1012,Fashion,Brand_69,85.52,2021-12-07,1
1013,Sports,Brand_81,98.23,2023-04-23,1
1014,Sports,Brand_8,84.39,2023-03-11,1
1015,Sports,Brand_60,82.3,2021-09-27,1
1016,Grocery,Brand_82,12.13,2021-03-02,0
1017,Grocery,Brand_64,24.85,2023-02-24,0
1018,Fashion,Brand_76,23.41,2022-10-01,0
1019,Electronics,Brand_36,68.28,2021-11-25,1
1020,Sports,Brand_53,91.71,2023-06-05,1
1021,Beauty,Brand_98,19.69,2023-09-09,0
1022,Grocery,Brand_84,16.56,2021-12-26,0
1023,Fashion,Brand_60,58.01,2021-01-05,0
1024,Fashion,Brand_22,71.58,2023-12-23,1
1025,Fashion,Brand_31,97.87,2022-08-18,1
1026,Sports,Brand_3,103.17,2022-12-11,1
1027,Fashion,Brand_72,78.14,2021-01-22,1
1028,Electronics,Brand_39,137.04,2021-04-02,1
1029,Home,Brand_6,36.26,2021-04-11,0
1030,Sports,Brand_34,37.24,2022-09-03,0
1031,Grocery,Brand_88,12.97,2021-04-29,0
1032,Beauty,Brand_63,21.92,2023-10-06,0
1033,Fashion,Brand_14,155.07,2021-08-31,1
1034,Sports,Brand_72,92.46,2021-11-28,1
1035,Sports,Brand_78,62.29,2021-04-03,1
1036,Fashion,Brand_58,63.52,2021-12-12,1
1037,Fashion,Brand_100,67.95,2023-12-09,1
1038,Beauty,Brand_79,24.92,2021-03-05,0
1039,Electronics,Brand_64,81.91,2021-08-14,1
1040,Sports,Brand_2,95.18,2021-12-20,1
1041,Electronics,Brand_70,177.68,2023-03-14,1
1042,Sports,Brand_85,118.46,2021-10-22,1
1043,Grocery,Brand_65,9.73,2023-10-23,0
1044,Electronics,Brand_61,72.15,2022-06-24,1
1045,Electronics,Brand_82,75.63,2023-05-06,1
1046,Home,Brand_15,48.73,2021-12-20,0
1047,Electronics,Brand_48,122.73,2022-05-26,1
1048,Sports,Brand_22,81.23,2021-06-12,1
1049,Electronics,Brand_82,148.9,2023-02-16,1
1050,Home,Brand_35,114.93,2023-06-07,1
1051,Grocery,Brand_61,13.82,2022-05-01,0
1052,Grocery,Brand_75,21.82,2021-06-25,0
1053,Grocery,Brand_74,17.25,2021-10-20,0
1054,Grocery,Brand_70,27.72,2021-03-17,0
1055,Electronics,Brand_73,55.93,2022-10-12,0
1056,Home,Brand_3,61.56,2021-08-15,1
1057,Fashion,Brand_8,30.0,2023-10-29,0
1058,Electronics,Brand_89,109.04,2023-08-06,1
1059,Beauty,Brand_64,21.02,2021-01-18,0
1060,Fashion,Brand_4,107.44,2021-06-18,1
1061,Home,Brand_68,143.14,2022-01-27,1
1062,Fashion,Brand_24,19.32,2023-10-23,0
1063,Beauty,Brand_50,22.68,2023-05-11,0
1064,Electronics,Brand_93,160.08,2023-03-17,1
1065,Beauty,Brand_52,38.77,2023-11-17,0
1066,Sports,Brand_21,54.53,2021-05-18,0
1067,Beauty,Brand_85,33.65,2022-09-28,0
1068,Beauty,Brand_28,30.27,2021-11-06,0
1069,Grocery,Brand_62,10.99,2021-09-01,0
1070,Home,Brand_50,109.87,2021-03-22,1
1071,Fashion,Brand_78,69.72,2023-03-10,1
1072,Home,Brand_31,48.95,2021-06-01,0
1073,Fashion,Brand_56,56.63,2022-08-17,0
1074,Beauty,Brand_13,20.91,2022-12-10,0
1075,Beauty,Brand_51,87.72,2023-02-22,1
1076,Fashion,Brand_23,37.29,2023-10-22,0
1077,Grocery,Brand_21,12.8,2023-12-22,0
1078,Beauty,Brand_61,41.82,2022-11-14,0
1079,Home,Brand_58,68.17,2022-08-15,1
1080,Sports,Brand_92,39.31,2023-12-26,0
1081,Electronics,Brand_100,218.38,2021-03-22,1
1082,Fashion,Brand_22,50.24,2023-10-31,0
1083,Grocery,Brand_3,13.89,2023-10-21,0
1084,Sports,Brand_52,169.51,2022-07-11,1
1085,Grocery,Brand_12,33.0,2023-01-04,0
1086,Sports,Brand_49,133.65,2022-08-12,1
1087,Beauty,Brand_82,21.32,2022-03-06,0
1088,Fashion,Brand_72,60.06,2022-11-16,0
1089,Electronics,Brand_2,242.28,2022-02-16,1
1090,Electronics,Brand_94,109.68,2022-12-05,1
1091,Fashion,Brand_42,26.0,2022-10-04,0
1092,Beauty,Brand_23,27.83,2021-03-14,0
1093,Electronics,Brand_18,71.1,2023-11-07,1
1094,Electronics,Brand_80,119.03,2023-03-02,1
1095,Electronics,Brand_74,156.37,2023-10-25,1
1096,Fashion,Brand_17,29.11,2022-07-20,0
1097,Grocery,Brand_69,13.06,2023-08-05,0
1098,Grocery,Brand_4,17.48,2022-10-20,0
1099,Electronics,Brand_15,123.87,2023-08-13,1
1100,Home,Brand_59,219.64,2022-03-09,1
1101,Fashion,Brand_17,31.37,2022-07-28,0
1102,Electronics,Brand_23,155.8,2022-03-26,1
1103,Fashion,Brand_44,32.64,2023-11-28,0
1104,Sports,Brand_50,50.01,2023-07-04,0
1105,Fashion,Brand_42,48.87,2023-03-04,0
1106,Fashion,Brand_71,50.97,2021-08-18,0
1107,Home,Brand_4,98.66,2023-07-02,1
1108,Home,Brand_95,116.16,2021-09-30,1
1109,Home,Brand_32,128.01,2021-09-26,1
1110,Beauty,Brand_89,29.13,2021-04-12,0
1111,Home,Brand_54,69.32,2022-05-25,1
1112,Grocery,Brand_6,43.2,2021-06-19,0
1113,Electronics,Brand_70,162.37,2021-05-07,1
1114,Sports,Brand_19,40.45,2021-05-26,0
1115,Fashion,Brand_58,36.49,2021-03-31,0
1116,Fashion,Brand_75,86.99,2022-05-02,1
1117,Fashion,Brand_34,99.89,2021-12-01,1
1118,Grocery,Brand_11,15.27,2021-12-05,0
1119,Home,Brand_52,83.74,2023-04-02,1
1120,Home,Brand_74,86.41,2021-11-06,1
1121,Sports,Brand_100,36.38,2022-10-24,0
1122,Home,Brand_58,55.07,2021-03-25,0
1123,Grocery,Brand_18,8.03,2022-04-29,0
1124,Fashion,Brand_29,54.03,2022-11-24,0
1125,Grocery,Brand_31,23.27,2023-06-25,0
1126,Fashion,Brand_51,22.3,2022-07-01,0
1127,Electronics,Brand_20,109.56,2021-05-01,1
1128,Fashion,Brand_68,48.44,2023-09-18,0
1129,Home,Brand_32,66.66,2021-10-08,1
1130,Fashion,Brand_95,30.16,2022-05-27,0
1131,Electronics,Brand_7,98.22,2022-05-20,1
1132,Sports,Brand_42,106.22,2022-01-22,1
1133,Grocery,Brand_77,9.37,2022-04-02,0
1134,Fashion,Brand_39,71.8,2023-04-20,1
1135,Fashion,Brand_19,88.24,2021-04-24,1
1136,Fashion,Brand_72,28.4,2022-10-07,0
1137,Electronics,Brand_1,83.59,2023-09-10,1
1138,Fashion,Brand_2,100.71,2021-05-17,1
1139,Fashion,Brand_83,23.85,2023-11-16,0
1140,Electronics,Brand_79,105.94,2021-10-18,1
1141,Electronics,Brand_72,143.6,2023-08-29,1
1142,Home,Brand_18,141.52,2023-04-17,1
1143,Fashion,Brand_18,59.19,2021-02-01,0
1144,Sports,Brand_87,65.76,2022-05-29,1
1145,Fashion,Brand_51,52.22,2022-07-21,0
1146,Home,Brand_76,101.44,2021-01-31,1
1147,Fashion,Brand_76,53.62,2023-07-22,0
1148,Grocery,Brand_80,19.18,2021-10-24,0
1149,Fashion,Brand_58,78.16,2023-09-05,1
1150,Electronics,Brand_38,87.97,2021-04-10,1
1151,Electronics,Brand_24,151.68,2021-04-11,1
1152,Grocery,Brand_89,15.71,2021-11-05,0
1153,Electronics,Brand_19,78.16,2021-12-03,1
1154,Sports,Brand_50,35.05,2021-04-08,0
1155,Grocery,Brand_89,9.43,2021-07-03,0
1156,Electronics,Brand_60,156.43,2021-01-24,1
1157,Grocery,Brand_27,13.42,2021-07-03,0
1158,Electronics,Brand_48,146.38,2023-12-29,1
1159,Beauty,Brand_89,15.56,2021-06-28,0
1160,Home,Brand_34,91.14,2021-05-08,1
1161,Electronics,Brand_68,76.12,2022-11-10,1
1162,Electronics,Brand_50,73.01,2023-03-14,1
1163,Sports,Brand_75,66.24,2021-08-08,1
1164,Electronics,Brand_61,251.74,2022-09-27,1
1165,Sports,Brand_44,36.89,2023-03-19,0
1166,Home,Brand_71,77.63,2021-07-04,1
1167,Grocery,Brand_77,17.92,2022-05-10,0
1168,Fashion,Brand_96,32.52,2023-10-12,0
1169,Electronics,Brand_95,99.87,2023-08-14,1
1170,Grocery,Brand_49,23.4,2022-11-06,0
1171,Fashion,Brand_9,57.89,2021-12-24,0
1172,Home,Brand_52,125.42,2021-10-29,1
1173,Electronics,Brand_77,140.43,2022-01-27,1
1174,Sports,Brand_84,101.99,2023-07-01,1
1175,Fashion,Brand_24,41.52,2021-10-15,0
1176,Sports,Brand_74,110.37,2021-12-15,1
1177,Beauty,Brand_97,41.65,2021-08-24,0
1178,Electronics,Brand_89,90.79,2021-03-18,1
1179,Home,Brand_23,147.81,2023-12-26,1
1180,Electronics,Brand_38,67.05,2021-08-24,1
1181,Beauty,Brand_22,26.85,2023-05-05,0
1182,Fashion,Brand_22,65.95,2022-08-07,1
1183,Electronics,Brand_61,75.43,2021-10-15,1
1184,Electronics,Brand_35,53.72,2022-07-28,0
1185,Electronics,Brand_80,306.19,2021-04-14,1
1186,Beauty,Brand_93,27.35,2021-09-26,0
1187,Fashion,Brand_66,70.27,2021-06-23,1
1188,Fashion,Brand_20,40.4,2022-04-06,0
1189,Beauty,Brand_83,23.91,2023-09-08,0
1190,Fashion,Brand_17,99.37,2021-03-02,1
1191,Fashion,Brand_57,23.63,2023-09-08,0
1192,Electronics,Brand_33,117.03,2022-11-06,1
1193,Home,Brand_70,49.26,2021-01-10,0
1194,Electronics,Brand_83,67.41,2021-03-20,1
1195,Fashion,Brand_56,40.29,2021-01-22,0
1196,Beauty,Brand_54,49.56,2023-10-04,0
1197,Home,Brand_59,87.28,2021-06-09,1
1198,Home,Brand_75,92.04,2022-11-20,1
1199,Beauty,Brand_42,44.46,2023-10-23,0
1200,Grocery,Brand_46,21.42,2021-01-21,0
1201,Fashion,Brand_100,47.81,2023-07-03,0
1202,Sports,Brand_79,60.2,2021-09-14,0
1203,Home,Brand_7,55.02,2022-11-27,0
1204,Beauty,Brand_37,20.95,2023-10-14,0
1205,Beauty,Brand_75,36.1,2023-04-07,0
1206,Grocery,Brand_66,14.9,2022-08-27,0
1207,Beauty,Brand_96,24.35,2022-03-21,0
1208,Grocery,Brand_2,25.42,2021-04-11,0
1209,Grocery,Brand_27,14.72,2022-07-22,0
1210,Fashion,Brand_100,38.65,2023-02-15,0
1211,Home,Brand_77,67.95,2022-12-01,1
1212,Beauty,Brand_84,17.18,2023-12-06,0
1213,Fashion,Brand_100,79.31,2023-06-22,1
1214,Home,Brand_29,37.51,2023-10-21,0
1215,Beauty,Brand_86,15.33,2021-08-07,0
1216,Electronics,Brand_26,98.99,2022-01-02,1
1217,Fashion,Brand_7,38.12,2022-10-24,0
1218,Home,Brand_98,111.42,2022-02-19,1
1219,Electronics,Brand_3,181.9,2023-07-09,1
1220,Fashion,Brand_30,61.33,2021-10-11,1
1221,Sports,Brand_7,49.85,2023-03-25,0
1222,Grocery,Brand_46,15.91,2021-09-26,0
1223,Home,Brand_10,83.5,2021-04-03,1
1224,Electronics,Brand_1,104.85,2023-10-23,1
1225,Home,Brand_98,84.9,2023-12-04,1
1226,Electronics,Brand_87,191.18,2022-02-24,1
1227,Electronics,Brand_45,92.27,2023-06-26,1
1228,Home,Brand_41,116.83,2023-11-15,1
1229,Grocery,Brand_63,17.23,2023-08-05,0
1230,Electronics,Brand_71,189.65,2023-11-25,1
1231,Electronics,Brand_26,103.2,2023-06-18,1
1232,Sports,Brand_85,174.13,2022-10-09,1
1233,Beauty,Brand_66,58.19,2022-12-02,0
1234,Grocery,Brand_86,20.53,2023-08-14,0
1235,Home,Brand_74,48.0,2022-06-17,0
1236,Home,Brand_87,92.83,2021-08-31,1
1237,Home,Brand_66,52.12,2021-03-14,0
1238,Electronics,Brand_95,118.41,2021-04-27,1
1239,Electronics,Brand_31,195.16,2023-01-07,1
1240,Electronics,Brand_54,129.44,2022-07-09,1
1241,Electronics,Brand_85,151.41,2021-11-15,1
1242,Grocery,Brand_66,15.75,2022-09-23,0
1243,Fashion,Brand_90,48.26,2022-05-09,0
1244,Sports,Brand_84,75.27,2022-10-26,1
1245,Grocery,Brand_95,16.54,2023-12-12,0
1246,Home,Brand_56,52.95,2022-01-08,0
1247,Electronics,Brand_14,79.94,2021-10-08,1
1248,Home,Brand_63,69.92,2022-01-20,1
1249,Home,Brand_6,198.92,2021-06-03,1
1250,Electronics,Brand_44,126.17,2021-08-30,1
1251,Home,Brand_75,31.47,2023-12-14,0
1252,Sports,Brand_44,53.46,2022-03-20,0
1253,Home,Brand_22,113.23,2021-08-31,1
1254,Grocery,Brand_75,16.66,2022-03-20,0
1255,Electronics,Brand_29,179.56,2023-09-05,1
1256,Beauty,Brand_64,36.77,2023-02-09,0
1257,Beauty,Brand_88,88.05,2021-06-24,1
1258,Electronics,Brand_18,107.56,2021-08-31,1
1259,Electronics,Brand_69,101.64,2023-02-25,1
1260,Fashion,Brand_82,30.97,2023-05-03,0
1261,Home,Brand_72,67.89,2022-07-08,1
1262,Home,Brand_36,43.84,2022-10-25,0
1263,Fashion,Brand_83,46.73,2021-09-13,0
1264,Grocery,Brand_94,14.63,2021-08-30,0
1265,Fashion,Brand_18,76.17,2022-03-07,1
1266,Grocery,Brand_39,14.93,2023-09-09,0
1267,Home,Brand_8,35.13,2023-10-03,0
1268,Beauty,Brand_23,69.93,2023-07-22,1
1269,Fashion,Brand_82,37.28,2023-07-06,0
1270,Home,Brand_43,44.52,2022-10-27,0
1271,Home,Brand_81,56.6,2022-11-07,0
1272,Fashion,Brand_71,62.82,2022-08-20,1
1273,Home,Brand_84,78.77,2021-01-22,1
1274,Electronics,Brand_91,94.36,2023-03-04,1
1275,Sports,Brand_82,77.22,2022-10-07,1
1276,Electronics,Brand_42,65.17,2021-08-25,1
1277,Home,Brand_95,149.88,2021-06-09,1
1278,Fashion,Brand_87,36.72,2022-02-25,0
1279,Grocery,Brand_15,9.81,2023-11-01,0
1280,Electronics,Brand_9,205.18,2021-10-23,1
1281,Electronics,Brand_48,133.83,2023-06-23,1
1282,Grocery,Brand_86,18.65,2021-06-20,0
1283,Home,Brand_71,63.43,2022-05-08,1
1284,Grocery,Brand_81,8.71,2022-12-20,0
1285,Electronics,Brand_18,125.24,2022-10-26,1
1286,Grocery,Brand_74,13.4,2023-03-30,0
1287,Electronics,Brand_54,69.44,2022-08-12,1
1288,Fashion,Brand_13,36.79,2023-09-29,0
1289,Fashion,Brand_46,54.43,2022-11-17,0
1290,Home,Brand_16,106.48,2022-05-09,1
1291,Fashion,Brand_14,46.33,2021-05-28,0
1292,Sports,Brand_45,57.51,2022-12-21,0
1293,Grocery,Brand_16,8.29,2022-05-17,0
1294,Sports,Brand_47,54.57,2021-11-12,0
1295,Grocery,Brand_20,22.12,2022-02-27,0
1296,Fashion,Brand_35,36.95,2022-12-30,0
1297,Grocery,Brand_54,13.9,2022-10-26,0
1298,Beauty,Brand_83,26.65,2022-06-06,0
1299,Electronics,Brand_81,227.99,2023-09-20,1
1300,Home,Brand_51,76.17,2021-07-24,1
1301,Fashion,Brand_59,28.14,2021-04-26,0
1302,Sports,Brand_65,66.11,2021-10-19,1
1303,Sports,Brand_33,87.5,2022-12-10,1
1304,Home,Brand_17,138.08,2021-11-20,1
1305,Sports,Brand_1,86.52,2022-05-30,1
1306,Sports,Brand_29,50.11,2021-12-30,0
1307,Fashion,Brand_98,64.28,2021-07-25,1
1308,Fashion,Brand_85,140.86,2022-11-05,1
1309,Electronics,Brand_58,164.88,2022-05-05,1
1310,Electronics,Brand_81,72.78,2021-03-28,1
1311,Beauty,Brand_17,36.39,2022-09-28,0
1312,Electronics,Brand_42,147.79,2021-01-09,1
1313,Home,Brand_59,92.37,2021-03-13,1
1314,Beauty,Brand_32,54.35,2021-09-09,0
1315,Grocery,Brand_58,7.39,2022-12-23,0
1316,Sports,Brand_6,111.46,2022-01-30,1
1317,Grocery,Brand_98,20.1,2022-10-18,0
1318,Beauty,Brand_4,40.65,2023-07-16,0
1319,Sports,Brand_32,29.75,2022-04-17,0
1320,Fashion,Brand_25,23.57,2023-07-17,0
1321,Electronics,Brand_72,139.92,2021-05-13,1
1322,Beauty,Brand_15,16.98,2023-08-19,0
1323,Sports,Brand_35,76.45,2021-05-28,1
1324,Electronics,Brand_64,161.28,2023-08-18,1
1325,Home,Brand_15,92.65,2021-07-16,1
1326,Sports,Brand_42,104.63,2023-05-11,1
1327,Fashion,Brand_84,48.49,2022-11-20,0
1328,Electronics,Brand_71,252.91,2021-04-10,1
1329,Home,Brand_27,110.08,2021-08-05,1
1330,Home,Brand_45,161.46,2022-02-17,1
1331,Fashion,Brand_45,26.02,2021-07-03,0
1332,Electronics,Brand_27,48.12,2023-03-31,0
1333,Fashion,Brand_23,120.82,2021-03-20,1
1334,Home,Brand_37,39.22,2023-03-17,0
1335,Sports,Brand_88,60.41,2021-07-29,0
1336,Electronics,Brand_23,100.93,2021-05-02,1
1337,Electronics,Brand_23,171.13,2023-10-23,1
1338,Fashion,Brand_9,41.07,2022-09-15,0
1339,Beauty,Brand_31,30.32,2022-08-30,0
1340,Electronics,Brand_74,127.38,2021-09-18,1
1341,Electronics,Brand_76,108.74,2022-03-21,1
1342,Home,Brand_72,81.29,2023-07-01,1
1343,Electronics,Brand_58,157.69,2022-11-12,1
1344,Grocery,Brand_25,13.0,2023-10-02,0
1345,Beauty,Brand_47,27.03,2022-08-04,0
1346,Electronics,Brand_87,137.71,2023-08-04,1
1347,Sports,Brand_22,76.32,2021-05-25,1
1348,Home,Brand_27,111.58,2022-03-11,1
1349,Sports,Brand_10,64.49,2023-12-12,1
1350,Home,Brand_15,100.74,2023-04-16,1
1351,Beauty,Brand_24,16.04,2021-03-19,0
1352,Grocery,Brand_35,12.51,2021-01-27,0
1353,Electronics,Brand_7,162.77,2021-04-10,1
1354,Fashion,Brand_96,43.85,2023-11-01,0
1355,Electronics,Brand_81,170.78,2021-01-24,1
1356,Sports,Brand_77,72.63,2022-09-02,1
1357,Home,Brand_85,60.86,2021-06-11,0
1358,Beauty,Brand_76,35.12,2021-03-15,0
1359,Fashion,Brand_16,71.71,2022-03-02,1
1360,Sports,Brand_6,76.98,2022-01-22,1
1361,Fashion,Brand_81,80.84,2023-07-21,1
1362,Fashion,Brand_98,45.09,2023-11-17,0
1363,Fashion,Brand_38,47.25,2021-11-24,0
1364,Electronics,Brand_81,140.77,2023-01-30,1
1365,Grocery,Brand_60,9.4,2021-07-24,0
1366,Sports,Brand_80,89.33,2022-05-07,1
1367,Sports,Brand_30,56.62,2021-05-13,0
1368,Grocery,Brand_75,16.96,2023-09-13,0
1369,Grocery,Brand_53,19.54,2023-08-09,0
1370,Home,Brand_40,201.24,2023-11-30,1
1371,Electronics,Brand_85,104.98,2022-04-13,1
1372,Fashion,Brand_81,38.71,2023-06-17,0
1373,Sports,Brand_99,56.49,2022-08-20,0
1374,Home,Brand_12,50.49,2022-04-18,0
1375,Grocery,Brand_67,30.13,2023-10-25,0
1376,Electronics,Brand_29,102.8,2021-08-02,1
1377,Home,Brand_44,83.23,2022-08-26,1
1378,Sports,Brand_93,70.73,2023-03-08,1
1379,Sports,Brand_5,106.22,2021-07-16,1
1380,Grocery,Brand_69,10.14,2023-10-28,0
1381,Electronics,Brand_27,220.24,2023-05-10,1
1382,Sports,Brand_10,32.38,2021-08-12,0
1383,Electronics,Brand_97,74.8,2022-11-19,1
1384,Home,Brand_66,166.68,2023-04-28,1
1385,Fashion,Brand_76,63.19,2023-05-16,1
1386,Electronics,Brand_49,205.02,2021-10-05,1
1387,Electronics,Brand_75,106.34,2023-04-14,1
1388,Electronics,Brand_8,157.3,2021-06-05,1
1389,Home,Brand_92,91.41,2023-07-07,1
1390,Electronics,Brand_12,74.12,2022-08-18,1
1391,Beauty,Brand_7,39.82,2023-03-14,0
1392,Grocery,Brand_16,18.91,2022-10-08,0
1393,Electronics,Brand_20,172.04,2021-12-27,1
1394,Electronics,Brand_97,87.62,2023-02-05,1
1395,Home,Brand_52,90.59,2021-12-30,1
1396,Electronics,Brand_17,118.51,2023-05-19,1
1397,Fashion,Brand_88,15.45,2021-12-20,0
1398,Sports,Brand_2,71.61,2022-09-06,1
1399,Home,Brand_51,65.57,2021-01-02,1
1400,Beauty,Brand_100,49.22,2021-08-11,0
1401,Beauty,Brand_2,23.39,2022-12-06,0
1402,Grocery,Brand_22,11.62,2023-10-07,0
1403,Fashion,Brand_81,42.33,2022-10-27,0
1404,Beauty,Brand_31,19.78,2023-07-07,0
1405,Electronics,Brand_62,134.98,2023-06-05,1
1406,Grocery,Brand_95,15.22,2023-09-04,0
1407,Beauty,Brand_99,14.4,2021-10-20,0
1408,Electronics,Brand_39,151.33,2023-05-17,1
1409,Sports,Brand_17,97.84,2023-04-02,1
1410,Home,Brand_89,52.99,2021-05-18,0
1411,Grocery,Brand_49,13.76,2021-01-02,0
1412,Home,Brand_61,81.12,2022-12-13,1
1413,Fashion,Brand_34,52.91,2023-09-27,0
1414,Grocery,Brand_8,14.05,2023-10-09,0
1415,Fashion,Brand_81,43.53,2021-02-04,0
1416,Fashion,Brand_92,28.98,2021-11-21,0
1417,Sports,Brand_31,73.55,2023-04-26,1
1418,Sports,Brand_87,119.16,2021-05-27,1
1419,Electronics,Brand_54,96.23,2022-09-10,1
1420,Sports,Brand_89,128.96,2023-10-15,1
1421,Fashion,Brand_52,50.96,2022-02-08,0
1422,Sports,Brand_79,106.91,2022-10-21,1
1423,Fashion,Brand_2,105.35,2022-12-29,1
1424,Home,Brand_77,81.73,2021-03-03,1
1425,Home,Brand_85,79.62,2022-05-17,1
1426,Grocery,Brand_25,7.0,2023-12-08,0
1427,Beauty,Brand_89,13.74,2022-01-16,0
1428,Fashion,Brand_77,39.63,2022-08-31,0
1429,Electronics,Brand_50,203.41,2021-10-04,1
1430,Electronics,Brand_18,155.99,2022-04-23,1
1431,Fashion,Brand_6,50.23,2021-04-04,0
1432,Sports,Brand_52,55.65,2021-04-24,0
1433,Home,Brand_10,57.32,2023-05-04,0
1434,Home,Brand_50,58.21,2021-05-30,0
1435,Fashion,Brand_11,51.0,2023-11-21,0
1436,Home,Brand_88,96.69,2021-11-14,1
1437,Electronics,Brand_79,119.46,2022-01-03,1
1438,Home,Brand_99,52.97,2021-07-23,0
1439,Grocery,Brand_1,11.71,2021-03-02,0
1440,Grocery,Brand_60,10.26,2021-10-05,0
1441,Sports,Brand_56,80.57,2021-05-01,1
1442,Grocery,Brand_99,7.42,2021-06-22,0
1443,Fashion,Brand_4,38.29,2021-09-11,0
1444,Electronics,Brand_58,97.8,2021-04-10,1
1445,Electronics,Brand_60,108.88,2022-05-31,1
1446,Fashion,Brand_2,42.41,2021-07-20,0
1447,Grocery,Brand_46,18.88,2022-04-05,0
1448,Beauty,Brand_50,19.06,2021-11-28,0
1449,Electronics,Brand_13,174.65,2023-01-16,1
1450,Fashion,Brand_73,34.55,2022-07-11,0
1451,Grocery,Brand_22,17.46,2023-03-09,0
1452,Fashion,Brand_67,51.33,2021-04-20,0
1453,Grocery,Brand_22,7.95,2021-06-27,0
1454,Sports,Brand_33,169.17,2022-11-20,1
1455,Home,Brand_8,55.61,2021-06-18,0
1456,Grocery,Brand_63,19.91,2023-11-11,0
1457,Beauty,Brand_2,47.95,2021-12-01,0
1458,Grocery,Brand_82,9.97,2023-11-15,0
1459,Home,Brand_90,139.48,2023-09-30,1
1460,Beauty,Brand_24,28.68,2021-07-12,0
1461,Home,Brand_58,33.49,2021-03-06,0
1462,Electronics,Brand_39,76.27,2021-10-14,1
1463,Electronics,Brand_24,129.98,2022-11-29,1
1464,Fashion,Brand_93,31.36,2022-12-27,0
1465,Sports,Brand_74,131.44,2022-07-11,1
1466,Grocery,Brand_98,13.29,2023-07-06,0
1467,Home,Brand_99,64.8,2022-06-12,1
1468,Electronics,Brand_23,89.27,2023-03-29,1
1469,Fashion,Brand_78,103.61,2021-12-13,1
1470,Fashion,Brand_65,35.32,2023-03-31,0
1471,Electronics,Brand_4,74.49,2022-07-16,1
1472,Fashion,Brand_78,52.51,2022-11-02,0
1473,Sports,Brand_72,86.45,2021-11-06,1
1474,Grocery,Brand_41,10.76,2023-08-19,0
1475,Fashion,Brand_11,46.11,2021-06-21,0
1476,Electronics,Brand_31,141.7,2022-02-09,1
1477,Beauty,Brand_25,56.55,2021-11-01,0
1478,Electronics,Brand_1,131.52,2023-07-07,1
1479,Grocery,Brand_74,13.52,2023-06-26,0
1480,Electronics,Brand_81,95.91,2023-05-31,1
1481,Fashion,Brand_52,65.06,2023-04-25,1
1482,Home,Brand_65,68.64,2022-02-16,1
1483,Home,Brand_63,134.33,2022-01-12,1
1484,Sports,Brand_10,88.05,2022-12-30,1
1485,Beauty,Brand_19,34.21,2021-09-08,0
1486,Home,Brand_76,94.9,2022-03-21,1
1487,Electronics,Brand_5,142.8,2021-01-30,1
1488,Grocery,Brand_15,18.04,2022-08-08,0
1489,Electronics,Brand_60,74.15,2021-04-25,1
1490,Beauty,Brand_3,78.79,2022-01-31,1
1491,Electronics,Brand_94,240.06,2022-03-30,1
1492,Fashion,Brand_97,69.06,2022-10-02,1
1493,Fashion,Brand_41,53.44,2023-11-27,0
1494,Electronics,Brand_2,108.96,2022-08-23,1
1495,Grocery,Brand_76,6.35,2022-05-14,0
1496,Electronics,Brand_11,58.9,2022-10-25,0
1497,Sports,Brand_68,59.97,2021-10-22,0
1498,Sports,Brand_89,129.5,2021-09-01,1
1499,Home,Brand_75,64.46,2021-03-14,1
1500,Grocery,Brand_93,14.98,2023-11-18,0
1501,Home,Brand_45,64.84,2022-06-09,1
1502,Grocery,Brand_50,21.93,2021-11-19,0
1503,Electronics,Brand_11,45.42,2021-03-20,0
1504,Fashion,Brand_22,57.21,2023-07-06,0
1505,Electronics,Brand_2,91.34,2021-02-02,1
1506,Fashion,Brand_23,24.39,2023-03-25,0
1507,Fashion,Brand_89,30.76,2021-08-20,0
1508,Grocery,Brand_36,23.94,2021-02-03,0
1509,Fashion,Brand_78,76.8,2022-01-11,1
1510,Fashion,Brand_9,37.01,2022-04-16,0
1511,Sports,Brand_53,50.99,2021-10-22,0
1512,Electronics,Brand_48,125.59,2021-05-15,1
1513,Sports,Brand_6,100.76,2021-08-28,1
1514,Grocery,Brand_20,7.67,2023-06-15,0
1515,Sports,Brand_99,60.57,2023-06-28,0
1516,Electronics,Brand_96,150.72,2022-05-22,1
1517,Electronics,Brand_96,120.59,2022-12-18,1
1518,Electronics,Brand_24,86.95,2021-06-29,1
1519,Electronics,Brand_43,174.74,2022-07-09,1
1520,Grocery,Brand_95,25.84,2021-05-15,0
1521,Beauty,Brand_7,28.95,2023-07-12,0
1522,Electronics,Brand_60,161.21,2021-10-10,1
1523,Electronics,Brand_49,116.93,2021-03-10,1
1524,Grocery,Brand_28,23.11,2022-03-04,0
1525,Fashion,Brand_32,62.01,2022-04-18,1
1526,Grocery,Brand_94,14.03,2023-06-24,0
1527,Sports,Brand_32,77.05,2022-09-03,1
1528,Electronics,Brand_80,74.69,2021-03-16,1
1529,Fashion,Brand_88,50.2,2021-03-05,0
1530,Home,Brand_16,100.19,2023-11-14,1
1531,Sports,Brand_25,45.69,2022-05-19,0
1532,Beauty,Brand_16,15.81,2022-08-17,0
1533,Grocery,Brand_76,13.83,2021-06-08,0
1534,Fashion,Brand_70,111.85,2022-11-08,1
1535,Grocery,Brand_64,18.29,2023-07-21,0
1536,Sports,Brand_73,94.89,2023-07-26,1
1537,Home,Brand_67,81.89,2021-11-20,1
1538,Grocery,Brand_75,14.91,2022-01-24,0
1539,Electronics,Brand_77,118.35,2021-07-15,1
1540,Grocery,Brand_63,23.51,2021-08-20,0
1541,Electronics,Brand_9,91.63,2021-02-23,1
1542,Home,Brand_49,112.28,2022-04-08,1
1543,Fashion,Brand_81,44.25,2022-01-07,0
1544,Home,Brand_59,103.33,2023-05-07,1
1545,Fashion,Brand_2,32.73,2021-09-24,0
1546,Electronics,Brand_38,65.76,2021-08-05,1
1547,Home,Brand_25,34.71,2021-09-25,0
1548,Home,Brand_95,43.64,2022-09-27,0
1549,Fashion,Brand_87,53.08,2023-10-15,0
1550,Sports,Brand_19,50.05,2023-01-16,0
1551,Grocery,Brand_27,20.88,2021-10-18,0
1552,Home,Brand_65,75.08,2021-01-04,1
1553,Fashion,Brand_15,32.84,2022-01-26,0
1554,Beauty,Brand_89,31.01,2023-01-07,0
1555,Home,Brand_44,65.12,2023-01-02,1
1556,Grocery,Brand_9,17.39,2021-06-08,0
1557,Home,Brand_10,72.93,2023-02-18,1
1558,Electronics,Brand_49,128.9,2023-09-30,1
1559,Beauty,Brand_92,21.69,2021-01-26,0
1560,Grocery,Brand_10,10.88,2021-09-01,0
1561,Fashion,Brand_74,106.46,2021-09-26,1
1562,Beauty,Brand_75,30.82,2022-08-17,0
1563,Home,Brand_28,106.29,2021-09-06,1
1564,Home,Brand_5,172.91,2022-10-12,1
1565,Fashion,Brand_12,49.38,2022-05-15,0
1566,Grocery,Brand_25,18.51,2023-05-26,0
1567,Home,Brand_1,69.15,2023-09-18,1
1568,Beauty,Brand_38,33.22,2023-02-25,0
1569,Beauty,Brand_48,46.26,2023-01-19,0
1570,Fashion,Brand_14,61.24,2021-01-06,0
1571,Beauty,Brand_3,28.74,2022-08-13,0
1572,Beauty,Brand_10,23.05,2022-06-11,0
1573,Sports,Brand_10,75.47,2021-04-28,1
1574,Beauty,Brand_83,18.52,2022-10-16,0
1575,Fashion,Brand_14,50.68,2021-02-04,0
1576,Fashion,Brand_47,31.78,2021-05-21,0
1577,Home,Brand_54,69.16,2022-06-09,1
1578,Home,Brand_87,36.21,2023-01-11,0
1579,Beauty,Brand_24,18.72,2022-03-22,0
1580,Fashion,Brand_40,42.11,2021-07-07,0
1581,Electronics,Brand_21,115.02,2021-07-30,1
1582,Grocery,Brand_67,16.82,2022-11-22,0
1583,Electronics,Brand_64,141.48,2022-09-11,1
1584,Electronics,Brand_82,204.2,2023-09-06,1
1585,Sports,Brand_37,78.6,2022-12-02,1
1586,Beauty,Brand_71,14.83,2022-03-04,0
1587,Electronics,Brand_92,96.99,2021-12-24,1
1588,Electronics,Brand_40,171.53,2021-11-02,1
1589,Beauty,Brand_67,33.18,2023-03-02,0
1590,Home,Brand_70,301.83,2023-01-01,1
1591,Electronics,Brand_88,112.86,2021-04-13,1
1592,Grocery,Brand_48,34.66,2022-11-08,0
1593,Home,Brand_36,86.78,2022-04-26,1
1594,Fashion,Brand_33,55.31,2021-06-05,0
1595,Fashion,Brand_57,35.78,2021-07-22,0
1596,Grocery,Brand_64,24.7,2023-12-13,0
1597,Home,Brand_75,47.94,2021-08-03,0
1598,Electronics,Brand_2,134.85,2023-04-06,1
1599,Fashion,Brand_74,34.7,2023-10-28,0
1600,Home,Brand_95,55.06,2023-04-17,0
1601,Electronics,Brand_9,161.98,2022-09-17,1
1602,Fashion,Brand_11,38.77,2023-11-04,0
1603,Electronics,Brand_80,73.3,2021-08-05,1
1604,Home,Brand_7,48.07,2022-03-30,0
1605,Home,Brand_7,186.91,2022-05-04,1
1606,Grocery,Brand_26,10.39,2022-01-13,0
1607,Grocery,Brand_5,20.75,2021-05-31,0
1608,Fashion,Brand_53,57.05,2021-07-06,0
1609,Beauty,Brand_79,42.28,2022-12-14,0
1610,Electronics,Brand_59,77.47,2022-12-26,1
1611,Electronics,Brand_10,94.22,2022-11-27,1
1612,Fashion,Brand_40,38.78,2023-09-23,0
1613,Grocery,Brand_85,11.17,2021-10-19,0
1614,Fashion,Brand_69,82.63,2022-04-15,1
1615,Sports,Brand_92,108.56,2021-11-25,1
1616,Fashion,Brand_26,44.41,2022-04-12,0
1617,Sports,Brand_47,62.13,2022-11-01,1
1618,Grocery,Brand_7,16.6,2022-07-15,0
1619,Home,Brand_82,72.98,2023-06-27,1
1620,Fashion,Brand_27,31.97,2023-12-06,0
1621,Fashion,Brand_49,86.09,2022-08-26,1
1622,Fashion,Brand_23,47.09,2022-05-03,0
1623,Sports,Brand_93,113.82,2021-05-18,1
1624,Home,Brand_33,51.0,2023-09-13,0
1625,Home,Brand_38,70.48,2021-05-10,1
1626,Sports,Brand_86,75.8,2021-10-25,1
1627,Electronics,Brand_66,157.61,2021-04-24,1
1628,Home,Brand_34,35.86,2021-01-18,0
1629,Fashion,Brand_29,29.62,2021-08-18,0
1630,Grocery,Brand_76,14.58,2022-11-02,0
1631,Home,Brand_12,57.23,2021-04-03,0
1632,Fashion,Brand_99,67.67,2021-03-18,1
1633,Fashion,Brand_19,41.19,2022-10-29,0
1634,Beauty,Brand_28,31.73,2023-11-30,0
1635,Electronics,Brand_3,84.87,2022-06-23,1
1636,Fashion,Brand_1,28.55,2023-11-24,0
1637,Electronics,Brand_97,99.7,2023-03-07,1
1638,Grocery,Brand_43,15.87,2021-08-15,0
1639,Home,Brand_59,113.29,2021-04-08,1
1640,Sports,Brand_32,97.04,2021-08-28,1
1641,Home,Brand_60,53.1,2023-11-13,0
1642,Grocery,Brand_12,23.4,2023-07-17,0
1643,Home,Brand_29,58.59,2021-05-26,0
1644,Sports,Brand_98,83.35,2021-01-25,1
1645,Electronics,Brand_53,187.35,2021-11-29,1
1646,Fashion,Brand_51,62.69,2023-02-13,1
1647,Electronics,Brand_28,49.93,2023-05-03,0
1648,Fashion,Brand_10,63.03,2023-07-31,1
1649,Electronics,Brand_60,206.34,2021-03-09,1
1650,Sports,Brand_64,36.4,2023-12-31,0
1651,Fashion,Brand_79,81.53,2023-04-08,1
1652,Beauty,Brand_43,50.25,2023-02-07,0
1653,Sports,Brand_76,54.37,2022-01-28,0
1654,Beauty,Brand_8,27.99,2022-09-14,0
1655,Sports,Brand_67,91.96,2023-04-28,1
1656,Home,Brand_98,29.22,2022-03-13,0
1657,Home,Brand_34,90.81,2022-12-17,1
1658,Electronics,Brand_72,197.11,2023-11-11,1
1659,Grocery,Brand_81,22.94,2023-11-11,0
1660,Fashion,Brand_63,48.79,2022-05-17,0
1661,Grocery,Brand_20,12.57,2022-05-13,0
1662,Electronics,Brand_15,56.53,2023-07-12,0
1663,Home,Brand_4,160.51,2021-03-28,1
1664,Fashion,Brand_23,34.32,2023-04-08,0
1665,Home,Brand_1,70.24,2021-07-01,1
1666,Electronics,Brand_14,101.31,2022-06-09,1
1667,Sports,Brand_2,71.97,2023-05-31,1
1668,Electronics,Brand_47,100.21,2023-03-22,1
1669,Grocery,Brand_83,12.72,2021-06-30,0
1670,Fashion,Brand_81,86.9,2021-10-03,1
1671,Home,Brand_83,80.72,2023-08-09,1
1672,Home,Brand_63,79.04,2021-03-19,1
1673,Home,Brand_76,81.9,2021-03-29,1
1674,Fashion,Brand_85,41.07,2023-08-29,0
1675,Home,Brand_23,65.8,2022-12-24,1
1676,Grocery,Brand_29,5.92,2023-04-03,0
1677,Sports,Brand_28,63.86,2023-08-24,1
1678,Electronics,Brand_75,121.12,2021-12-08,1
1679,Grocery,Brand_40,35.19,2021-04-02,0
1680,Sports,Brand_79,109.59,2022-01-05,1
1681,Grocery,Brand_4,12.02,2021-04-05,0
1682,Electronics,Brand_28,168.53,2021-04-16,1
1683,Electronics,Brand_76,110.15,2023-06-27,1
1684,Beauty,Brand_83,39.27,2023-03-09,0
1685,Electronics,Brand_74,85.91,2023-11-27,1
1686,Fashion,Brand_75,114.49,2022-04-06,1
1687,Home,Brand_27,74.88,2021-10-18,1
1688,Fashion,Brand_57,53.7,2021-11-25,0
1689,Home,Brand_38,25.15,2022-05-17,0
1690,Fashion,Brand_97,18.63,2023-07-30,0
1691,Home,Brand_37,73.65,2023-02-21,1
1692,Fashion,Brand_81,33.07,2023-06-11,0
1693,Fashion,Brand_27,35.42,2023-02-21,0
1694,Grocery,Brand_97,20.7,2022-01-26,0
1695,Electronics,Brand_11,88.78,2023-12-14,1
1696,Beauty,Brand_87,11.82,2023-03-22,0
1697,Home,Brand_29,68.35,2023-12-06,1
1698,Home,Brand_39,46.12,2023-01-24,0
1699,Electronics,Brand_100,86.96,2021-06-15,1
1700,Electronics,Brand_85,76.35,2022-09-29,1
1701,Electronics,Brand_85,226.78,2021-05-11,1
1702,Electronics,Brand_44,93.91,2021-11-10,1
1703,Grocery,Brand_97,22.47,2021-07-17,0
1704,Fashion,Brand_22,52.65,2021-10-16,0
1705,Fashion,Brand_19,76.51,2023-04-23,1
1706,Electronics,Brand_27,157.28,2021-08-18,1
1707,Sports,Brand_54,69.56,2023-06-28,1
1708,Beauty,Brand_71,29.28,2022-02-01,0
1709,Sports,Brand_83,51.47,2022-08-27,0
1710,Electronics,Brand_25,124.29,2022-02-10,1
1711,Electronics,Brand_70,81.58,2023-08-11,1
1712,Electronics,Brand_11,76.1,2022-10-28,1
1713,Home,Brand_28,88.37,2023-10-14,1
1714,Electronics,Brand_72,171.43,2021-03-29,1
1715,Home,Brand_5,71.9,2023-04-15,1
1716,Sports,Brand_34,50.21,2023-08-07,0
1717,Grocery,Brand_94,8.45,2023-11-05,0
1718,Electronics,Brand_75,96.81,2022-10-21,1
1719,Beauty,Brand_51,53.58,2022-09-18,0
1720,Home,Brand_29,48.37,2023-03-20,0
1721,Electronics,Brand_7,245.6,2021-06-05,1
1722,Home,Brand_68,80.38,2022-04-29,1
1723,Electronics,Brand_39,110.55,2022-04-17,1
1724,Electronics,Brand_2,74.29,2023-03-19,1
1725,Electronics,Brand_70,141.63,2022-08-19,1
1726,Electronics,Brand_88,112.51,2023-08-23,1
1727,Home,Brand_20,130.22,2022-10-03,1
1728,Home,Brand_87,45.83,2021-06-01,0
1729,Beauty,Brand_57,25.68,2021-08-13,0
1730,Fashion,Brand_6,60.55,2022-07-28,0
1731,Electronics,Brand_53,134.37,2022-02-27,1
1732,Grocery,Brand_50,20.42,2022-04-01,0
1733,Beauty,Brand_56,22.72,2021-10-27,0
1734,Home,Brand_70,69.13,2023-07-29,1
1735,Electronics,Brand_52,197.97,2022-10-26,1
1736,Sports,Brand_63,113.02,2021-03-08,1
1737,Fashion,Brand_9,73.34,2021-02-15,1
1738,Fashion,Brand_47,57.31,2021-09-22,0
1739,Fashion,Brand_97,42.42,2022-11-06,0
1740,Fashion,Brand_5,61.27,2021-08-16,1
1741,Beauty,Brand_31,39.65,2022-11-11,0
1742,Electronics,Brand_9,146.12,2022-11-09,1
1743,Grocery,Brand_34,13.72,2022-08-30,0
1744,Home,Brand_2,138.47,2023-02-20,1
1745,Beauty,Brand_98,30.65,2023-11-18,0
1746,Home,Brand_89,54.43,2022-07-24,0
1747,Grocery,Brand_47,16.13,2021-12-23,0
1748,Home,Brand_86,71.32,2023-04-08,1
1749,Home,Brand_33,113.48,2022-12-25,1
1750,Home,Brand_62,66.87,2022-02-19,1
1751,Electronics,Brand_10,119.52,2023-08-06,1
1752,Electronics,Brand_62,95.83,2022-10-03,1
1753,Fashion,Brand_54,42.98,2021-08-31,0
1754,Home,Brand_44,70.34,2022-01-03,1
1755,Home,Brand_22,159.8,2022-07-23,1
1756,Fashion,Brand_14,78.13,2021-07-08,1
1757,Fashion,Brand_54,98.28,2021-01-18,1
1758,Grocery,Brand_23,17.14,2023-08-30,0
1759,Electronics,Brand_63,98.23,2023-02-21,1
1760,Fashion,Brand_100,24.53,2022-07-13,0
1761,Fashion,Brand_28,24.7,2021-07-29,0
1762,Sports,Brand_85,81.94,2021-02-24,1
1763,Electronics,Brand_86,136.97,2022-03-03,1
1764,Electronics,Brand_41,97.59,2022-10-04,1
1765,Fashion,Brand_99,32.03,2023-03-29,0
1766,Beauty,Brand_63,29.34,2021-05-16,0
1767,Fashion,Brand_11,60.73,2022-02-19,0
1768,Sports,Brand_17,64.36,2021-01-15,1
1769,Home,Brand_83,54.01,2023-07-26,0
1770,Electronics,Brand_35,96.69,2023-05-14,1
1771,Grocery,Brand_45,5.27,2023-10-17,0
1772,Home,Brand_32,108.86,2022-03-10,1
1773,Grocery,Brand_26,9.77,2023-03-06,0
1774,Grocery,Brand_56,14.43,2021-10-03,0
1775,Grocery,Brand_18,20.35,2023-01-16,0
1776,Grocery,Brand_82,22.17,2022-12-24,0
1777,Electronics,Brand_10,241.78,2023-01-21,1
1778,Electronics,Brand_43,120.97,2023-07-20,1
1779,Electronics,Brand_34,96.17,2023-08-16,1
1780,Electronics,Brand_84,58.89,2023-06-10,0
1781,Grocery,Brand_78,15.01,2021-01-13,0
1782,Home,Brand_69,85.6,2023-10-12,1
1783,Beauty,Brand_39,38.62,2022-02-18,0
1784,Home,Brand_38,78.81,2021-03-04,1
1785,Home,Brand_3,70.22,2021-08-07,1
1786,Grocery,Brand_85,11.89,2023-09-11,0
1787,Electronics,Brand_33,142.74,2021-01-04,1
1788,Fashion,Brand_59,31.97,2021-03-15,0
1789,Sports,Brand_54,77.29,2022-05-06,1
1790,Grocery,Brand_49,7.97,2022-01-02,0
1791,Grocery,Brand_60,15.1,2021-06-30,0
1792,Electronics,Brand_80,305.81,2021-06-02,1
1793,Fashion,Brand_25,53.73,2021-12-31,0
1794,Home,Brand_44,76.77,2021-01-29,1
1795,Sports,Brand_74,43.86,2022-10-30,0
1796,Electronics,Brand_85,103.48,2022-09-07,1
1797,Beauty,Brand_79,22.95,2023-04-11,0
1798,Electronics,Brand_36,102.4,2021-11-08,1
1799,Fashion,Brand_96,26.49,2023-01-16,0
1800,Beauty,Brand_25,41.33,2022-05-05,0
1801,Fashion,Brand_13,65.46,2023-02-17,1
1802,Sports,Brand_51,63.25,2023-11-22,1
1803,Home,Brand_100,69.73,2022-02-02,1
1804,Electronics,Brand_25,45.33,2023-07-18,0
1805,Sports,Brand_75,55.93,2022-05-19,0
1806,Home,Brand_24,114.92,2023-04-17,1
1807,Fashion,Brand_87,26.19,2021-09-15,0
1808,Fashion,Brand_85,48.11,2021-08-10,0
1809,Sports,Brand_95,97.21,2021-09-25,1
1810,Home,Brand_71,57.11,2022-10-13,0
1811,Electronics,Brand_72,88.94,2022-06-19,1
1812,Fashion,Brand_86,59.43,2021-09-08,0
1813,Beauty,Brand_94,18.39,2021-06-27,0
1814,Home,Brand_53,106.97,2021-03-16,1
1815,Grocery,Brand_39,23.13,2023-08-14,0
1816,Electronics,Brand_3,83.89,2023-02-13,1
1817,Grocery,Brand_72,13.56,2021-02-06,0
1818,Sports,Brand_24,34.24,2021-03-21,0
1819,Sports,Brand_78,69.41,2023-10-16,1
1820,Fashion,Brand_85,75.78,2021-10-01,1
1821,Fashion,Brand_88,38.78,2022-11-06,0
1822,Grocery,Brand_98,10.87,2022-12-17,0
1823,Beauty,Brand_17,17.52,2022-10-10,0
1824,Grocery,Brand_9,10.39,2023-03-24,0
1825,Sports,Brand_3,50.63,2022-05-08,0
1826,Sports,Brand_12,98.34,2023-11-14,1
1827,Beauty,Brand_93,23.93,2022-04-20,0
1828,Sports,Brand_24,70.58,2023-12-22,1
1829,Fashion,Brand_39,36.68,2022-07-25,0
1830,Fashion,Brand_22,49.25,2022-06-14,0
1831,Electronics,Brand_45,114.45,2021-09-22,1
1832,Home,Brand_5,53.42,2022-05-19,0
1833,Grocery,Brand_84,6.61,2021-05-18,0
1834,Electronics,Brand_72,106.74,2021-09-15,1
1835,Home,Brand_65,64.83,2021-05-11,1
1836,Grocery,Brand_84,10.11,2023-08-22,0
1837,Grocery,Brand_95,10.49,2021-07-08,0
1838,Sports,Brand_69,31.03,2022-07-18,0
1839,Grocery,Brand_15,9.13,2021-05-30,0
1840,Grocery,Brand_91,26.44,2021-01-30,0
1841,Sports,Brand_23,76.99,2021-02-10,1
1842,Grocery,Brand_98,11.17,2023-07-16,0
1843,Electronics,Brand_15,144.89,2023-09-21,1
1844,Electronics,Brand_46,83.69,2022-10-04,1
1845,Fashion,Brand_97,50.06,2022-11-11,0
1846,Electronics,Brand_34,116.24,2022-09-11,1
1847,Electronics,Brand_24,102.51,2021-06-19,1
1848,Sports,Brand_41,74.4,2023-05-04,1
1849,Home,Brand_94,98.84,2021-12-16,1
1850,Electronics,Brand_4,99.27,2021-02-28,1
1851,Fashion,Brand_8,29.57,2022-09-26,0
1852,Fashion,Brand_7,59.62,2021-06-23,0
1853,Fashion,Brand_36,92.26,2022-10-18,1
1854,Home,Brand_66,47.76,2021-02-07,0
1855,Home,Brand_96,74.87,2021-12-25,1
1856,Home,Brand_40,89.73,2021-09-03,1
1857,Grocery,Brand_49,21.02,2022-08-13,0
1858,Beauty,Brand_89,36.76,2021-08-30,0
1859,Sports,Brand_69,37.49,2021-03-09,0
1860,Electronics,Brand_19,175.11,2023-02-07,1
1861,Sports,Brand_99,59.51,2021-09-04,0
1862,Electronics,Brand_29,254.34,2022-05-11,1
1863,Home,Brand_82,102.13,2021-01-12,1
1864,Beauty,Brand_100,51.39,2022-01-03,0
1865,Fashion,Brand_36,12.79,2023-11-16,0
1866,Home,Brand_17,56.78,2022-09-30,0
1867,Home,Brand_8,116.58,2023-04-27,1
1868,Home,Brand_95,46.09,2022-06-30,0
1869,Grocery,Brand_94,15.76,2022-03-05,0
1870,Electronics,Brand_18,55.29,2021-03-23,0
1871,Beauty,Brand_14,25.58,2021-08-23,0
1872,Grocery,Brand_17,19.38,2022-01-17,0
1873,Grocery,Brand_15,10.3,2023-01-18,0
1874,Grocery,Brand_82,9.08,2023-04-27,0
1875,Grocery,Brand_68,13.61,2021-05-06,0
1876,Home,Brand_64,76.2,2022-04-04,1
1877,Home,Brand_13,143.57,2021-02-05,1
1878,Grocery,Brand_82,16.19,2023-07-04,0
1879,Electronics,Brand_26,70.36,2023-01-25,1
1880,Beauty,Brand_100,26.73,2023-01-06,0
1881,Electronics,Brand_33,251.34,2022-03-13,1
1882,Grocery,Brand_52,14.43,2023-10-06,0
1883,Fashion,Brand_90,24.83,2022-03-23,0
1884,Fashion,Brand_23,40.61,2021-04-24,0
1885,Home,Brand_66,46.91,2023-04-15,0
1886,Sports,Brand_54,73.57,2023-11-10,1
1887,Fashion,Brand_96,35.7,2022-03-27,0
1888,Electronics,Brand_20,93.85,2021-12-18,1
1889,Grocery,Brand_52,20.09,2022-01-01,0
1890,Beauty,Brand_85,47.13,2021-03-21,0
1891,Fashion,Brand_4,48.64,2021-04-30,0
1892,Grocery,Brand_55,8.25,2023-08-26,0
1893,Fashion,Brand_51,44.24,2022-07-28,0
1894,Grocery,Brand_94,17.68,2021-09-06,0
1895,Fashion,Brand_51,28.63,2022-02-13,0
1896,Sports,Brand_25,99.37,2021-12-06,1
1897,Beauty,Brand_72,39.67,2022-02-19,0
1898,Fashion,Brand_85,26.64,2023-01-05,0
1899,Sports,Brand_1,43.98,2023-11-23,0
1900,Home,Brand_52,70.37,2022-10-21,1
1901,Home,Brand_20,58.26,2022-09-21,0
1902,Electronics,Brand_51,119.09,2022-02-28,1
1903,Electronics,Brand_69,57.68,2022-03-22,0
1904,Beauty,Brand_52,27.22,2021-10-21,0
1905,Grocery,Brand_27,16.14,2021-08-11,0
1906,Fashion,Brand_12,77.7,2022-04-24,1
1907,Home,Brand_96,36.12,2022-12-05,0
1908,Fashion,Brand_5,50.05,2023-01-20,0
1909,Grocery,Brand_82,10.99,2023-01-06,0
1910,Grocery,Brand_72,16.19,2021-07-14,0
1911,Beauty,Brand_40,25.26,2022-06-06,0
1912,Electronics,Brand_19,163.86,2023-04-09,1
1913,Home,Brand_70,117.34,2022-09-07,1
1914,Fashion,Brand_19,29.14,2022-07-22,0
1915,Fashion,Brand_52,56.99,2021-10-13,0
1916,Grocery,Brand_89,15.24,2023-08-18,0
1917,Grocery,Brand_51,9.04,2023-02-17,0
1918,Home,Brand_61,60.06,2022-10-16,0
1919,Fashion,Brand_42,67.08,2023-09-19,1
1920,Grocery,Brand_88,17.14,2022-03-27,0
1921,Home,Brand_23,70.34,2023-02-02,1
1922,Home,Brand_89,100.06,2023-12-25,1
1923,Sports,Brand_86,56.48,2023-11-13,0
1924,Sports,Brand_37,45.28,2023-08-28,0
1925,Home,Brand_90,64.92,2021-06-01,1
1926,Fashion,Brand_35,46.83,2021-08-20,0
1927,Beauty,Brand_57,42.42,2021-08-03,0
1928,Home,Brand_15,154.17,2021-01-30,1
1929,Beauty,Brand_84,56.01,2022-01-25,0
1930,Electronics,Brand_43,120.37,2023-01-15,1
1931,Fashion,Brand_34,45.92,2023-08-23,0
1932,Electronics,Brand_47,79.33,2022-03-01,1
1933,Beauty,Brand_36,28.18,2022-04-29,0
1934,Sports,Brand_57,88.93,2021-07-17,1
1935,Home,Brand_74,47.48,2022-01-19,0
1936,Fashion,Brand_63,21.52,2023-05-12,0
1937,Fashion,Brand_23,49.63,2021-12-24,0
1938,Grocery,Brand_99,9.84,2023-01-16,0
1939,Home,Brand_48,89.27,2022-10-19,1
1940,Electronics,Brand_55,98.3,2023-09-27,1
1941,Grocery,Brand_42,12.37,2021-10-14,0
1942,Electronics,Brand_60,136.46,2022-03-12,1
1943,Beauty,Brand_34,44.45,2022-08-26,0
1944,Electronics,Brand_93,85.92,2021-11-19,1
1945,Sports,Brand_35,137.49,2023-05-28,1
1946,Electronics,Brand_13,128.48,2022-04-01,1
1947,Home,Brand_1,43.68,2022-06-07,0
1948,Beauty,Brand_93,19.53,2022-05-21,0
1949,Fashion,Brand_1,53.53,2022-07-22,0
1950,Electronics,Brand_92,75.44,2021-03-03,1
1951,Fashion,Brand_71,62.52,2022-01-15,1
1952,Fashion,Brand_63,25.18,2022-01-14,0
1953,Sports,Brand_39,85.57,2022-01-03,1
1954,Home,Brand_27,49.5,2021-12-27,0
1955,Home,Brand_83,52.79,2023-11-22,0
1956,Grocery,Brand_64,15.91,2021-08-16,0
1957,Beauty,Brand_7,31.33,2021-09-01,0
1958,Beauty,Brand_81,24.85,2023-04-15,0
1959,Fashion,Brand_46,31.39,2022-07-01,0
1960,Electronics,Brand_96,251.08,2023-06-13,1
1961,Beauty,Brand_7,38.88,2022-06-29,0
1962,Home,Brand_57,73.34,2021-06-18,1
1963,Electronics,Brand_40,193.35,2023-09-04,1
1964,Home,Brand_91,80.77,2021-12-24,1
1965,Electronics,Brand_43,118.83,2022-08-14,1
1966,Electronics,Brand_20,272.44,2022-10-01,1
1967,Grocery,Brand_66,23.93,2021-01-13,0
1968,Grocery,Brand_26,18.45,2023-04-27,0
1969,Electronics,Brand_71,76.23,2021-08-24,1
1970,Fashion,Brand_19,72.92,2022-07-24,1
1971,Home,Brand_92,75.56,2021-11-01,1
1972,Home,Brand_25,74.99,2022-06-24,1
1973,Electronics,Brand_61,198.17,2021-12-23,1
1974,Fashion,Brand_92,38.63,2021-07-31,0
1975,Beauty,Brand_73,55.47,2021-12-12,0
1976,Home,Brand_3,75.47,2023-12-19,1
1977,Home,Brand_88,79.35,2022-06-19,1
1978,Electronics,Brand_7,184.06,2023-07-27,1
1979,Beauty,Brand_48,52.06,2021-02-16,0
1980,Grocery,Brand_28,11.11,2022-06-24,0
1981,Grocery,Brand_53,19.69,2023-11-25,0
1982,Home,Brand_93,49.51,2021-02-22,0
1983,Beauty,Brand_47,26.95,2022-06-27,0
1984,Grocery,Brand_16,25.27,2021-04-20,0
1985,Electronics,Brand_2,129.99,2021-01-07,1
1986,Fashion,Brand_30,41.39,2022-11-05,0
1987,Beauty,Brand_35,23.72,2022-01-27,0
1988,Electronics,Brand_66,185.56,2023-12-28,1
1989,Fashion,Brand_83,53.86,2023-10-23,0
1990,Home,Brand_12,80.41,2021-08-20,1
1991,Grocery,Brand_12,33.14,2023-05-25,0
1992,Home,Brand_14,29.21,2022-08-25,0
1993,Home,Brand_56,46.42,2022-09-06,0
1994,Sports,Brand_100,69.02,2022-06-19,1
1995,Fashion,Brand_3,70.87,2022-06-15,1
1996,Home,Brand_39,113.75,2022-07-07,1
1997,Electronics,Brand_78,141.47,2022-06-19,1
1998,Electronics,Brand_34,145.15,2021-10-21,1
1999,Fashion,Brand_94,22.88,2023-08-11,0
2000,Electronics,Brand_72,117.77,2021-01-15,1
